"g","tau_d","tau_r","tau_f","U"
5.662,2.818,0,0,0
3.29612,3.6,0,0,0
3.65636,2.377,0,0,0
6.38628,1.835,0,0,0
4.01432,3.41,0,0,0
7.94352,4.127,0,0,0
3.55148,2.407,0,0,0
1.89316,14.812,0,0,0
6.095661,1.31,50.035,1.801,0.429
8.304687,1.689,0,0,0
19.585536,1.498,0,0,0
2.88806,14.725,0,0,0
10.775985,8.575,2995.724,103.475,0.055
2.346651,5.502,0,0,0
4.145073,2.207,50.749,123.284,0.349
5.476632,1.13,50.222,7.412,0.028
6.73548,0.645,0,0,0
9.947043,0.915,0,0,0
0.979906,4.636,105.568,183.335,0.107
0.8,5.449,0,0,0
2.08421,2.844,0,0,0
0.458838,2.282,88.742,38.634,0.261
0.02037,12.738,59.757,224.138,0.21
0.41033,4.081,0,0,0
0.48507,3.02,0,0,0
0.33078,4.054,0,0,0
1.140768,1.997,63.962,80.992,0.072
0.677202,3.157,1965.065,5.964,0.059
0.153309,5.042,2098.692,124.45,0.039
0.27783,9.982,0,0,0
0.20223,9.789,0,0,0
0.4416,9.101,0,0,0
0.3792,16.139,0,0,0
1.377824,2.031,241.356,50.302,0.224
0.837706,2.868,99.783,29.772,0.046
0.0892,9.741,0,0,0
4.987008,1.306,0,0,0
7.880004,0.745,2477.269,295.652,0.081
3.98055,2.127,0,0,0
5.62445,2.2,0,0,0
4.88665,0.997,0,0,0
4.84925,1.118,0,0,0
3.8828,1.24,0,0,0
0.484515,16.22,0,0,0
0.74124,11.424,0,0,0
0.69174,19.998,1612.531,3.045,0.27
12.24508,0.429,1717.53,1.557,0.428
12.24508,0.429,1717.53,1.557,0.428
3.458133,1.791,122.872,274.981,0.399
10.6516,0.908,50.028,296.985,0.775
12.299294,1,671.035,146.653,0.686
7.759233,0.947,0,0,0
19.884051,1.402,50.147,91.885,0.627
19.443474,1.379,150.018,135.143,0.477
3.589788,1.376,100.669,11.17,0.012
3.589788,1.376,100.669,11.17,0.012
2.294325,1.009,2749.345,33.8,0.033
1.89636,2.769,2047.487,12.929,0.02
2.264892,2.676,1815.523,47.645,0.177
4.763232,2.231,0,0,0
2.17525,2.357,2699.799,25.44,0.07
1.691262,3.366,2066.012,53.989,0.034
2.443038,3.542,2789.224,26.497,0.026
7.537044,1.597,281.64,81.888,0.334
7.537044,1.597,281.64,81.888,0.334
0.912963,1.007,66.724,291.748,0.489
0.912963,1.007,66.724,291.748,0.489
5.868016,0.816,1603.541,1.565,0.433
5.868016,0.816,1603.541,1.565,0.433
2.41824,1.091,1737.082,1.847,0.264
2.636587,0.966,122.341,5.582,0.601
1.982791,4.619,2635.205,5.835,0.167
1.982791,4.619,2635.205,5.835,0.167
4.005,2.653,56.806,105.369,0.45
6.438932,0.672,150.597,285.059,0.347
6.438932,0.672,150.597,285.059,0.347
3.9546,0.587,149.743,86.419,0.36
3.9546,0.587,149.743,86.419,0.36
4.893283,1.398,182.872,6.783,0.197
3.299696,3.145,50.113,160.992,0.542
1.048606,1.287,52.286,13.945,0.013
10.291496,0.74,1845.695,1.546,0.404
10.291496,0.74,1845.695,1.546,0.404
2.334469,0.855,1737.556,31.157,0.199
2.334469,0.855,1737.556,31.157,0.199
0.95532,1.964,66.666,185.901,0.38
0.95532,1.964,66.666,185.901,0.38
1.920928,1.002,50.597,10.194,0.008
3.41952,0.71,0,0,0
0.2694,0.812,0,0,0
5.2768,2.429,0,0,0
0.594704,11.34,2375.968,64.045,0.248
1.432574,6.126,2473.302,57.321,0.286
9.301394,1.41,2826.772,295.528,0.094
37.000667,0.798,50,1.016,0.199
8.46054,1.117,0,0,0
9.253997,0.496,59.028,29.389,0.001
0.407208,3.158,2769.188,23.855,0.012
0.77792,1.368,0,0,0
0.89832,0.804,79.147,261.209,0.228
0.69004,1.628,0,0,0
0.24076,5.593,0,0,0
0.195846,5.434,86.037,56.901,0.021
0.02662,30.19,55.163,135.202,0.11
0.117718,2.977,294.168,5.113,0.142
1.177821,5.526,0,0,0
3.323673,3.304,0,0,0
1.164834,6.327,0,0,0
1.257741,0.964,0,0,0
0.489656,1.254,1914.475,14.201,0.631
17.955027,0.579,0,0,0
3.259737,1.425,0,0,0
4.694301,0.82,0,0,0
3.000398,0.919,63.167,68.332,0.289
9.899091,0.596,0,0,0
1.530468,1.322,0,0,0
0.514792,5.507,50.131,41.015,0.002
9.903712,1.272,2255.176,5.608,0.532
14.599008,1.399,301.595,1.381,0.732
7.889564,0.737,1693.318,5.984,0.739
6.37479,0.592,111.844,157.595,0.09
7.78603,0.869,81.941,98.092,0.07
9.79776,0.609,2957.57,297.432,0.064
4.204717,1.058,126.038,259.108,0.407
4.204717,1.058,126.038,259.108,0.407
3.53616,0.944,110.645,293.549,0.48
3.53616,0.944,110.645,293.549,0.48
2.940684,0.753,158.861,150.669,0.492
2.940684,0.753,158.861,150.669,0.492
3.848544,0.877,124.823,266.312,0.414
3.848544,0.877,124.823,266.312,0.414
15.221226,0.448,2121.165,5.79,0.258
1.245887,1.2,50.12,1.269,0.437
1.245887,1.2,50.12,1.269,0.437
7.84265,1.395,2121.892,10.035,0.05
49.49382,0.832,0,0,0
3.81184,0.58,0,0,0
35.869911,0.866,50.047,1.024,0.539
2.59718,2.278,960.335,4.642,0.284
1.135985,0.707,2230.859,3.019,0.335
0.2726,4.981,69.312,13.489,0.2
7.350189,1.203,2258.648,10.835,0.231
69.46622,1.555,2059.735,23.454,0.157
0.354468,0.979,482.691,61.064,0.218
0.366212,2.468,1795.661,16.176,0.308
0.366212,2.468,1795.661,16.176,0.308
0.596336,2.778,215.645,93.901,0.752
4.936022,5.216,2043.806,2.831,0.091
4.936022,5.216,2043.806,2.831,0.091
4.936022,5.216,2043.806,2.831,0.091
4.936022,5.216,2043.806,2.831,0.091
1.138844,3.072,132.051,27.677,0.623
1.138844,3.072,132.051,27.677,0.623
1.138844,3.072,132.051,27.677,0.623
6.163872,1.539,58.073,9.705,0.052
3.88047,1.831,51.959,162.103,0.165
0.554961,0.816,0,0,0
0.39771,0.911,0,0,0
0.40182,0.939,0,0,0
0.44304,0.854,0,0,0
0.28188,2.739,0,0,0
1.04616,2.788,0,0,0
0.94536,3.258,0,0,0
0.90048,2.762,0,0,0
0.94484,3.639,0,0,0
0.97272,3.075,0,0,0
0.79992,3.484,0,0,0
1.04256,3.394,0,0,0
1.21104,2.966,0,0,0
1.96848,1.976,0,0,0
0.85032,2.748,0,0,0
0.31968,6.904,0,0,0
0.3384,35.029,0,0,0
0.36936,8.387,0,0,0
1.67472,1.505,0,0,0
0.6048,6.719,0,0,0
0.610389,3.406,0,0,0
2.138859,2.503,0,0,0
6.716277,0.813,0,0,0
4.0528,0.53,0,0,0
4.0528,0.53,0,0,0
3.5888,1.01,0,0,0
3.5888,1.01,0,0,0
3.258,0.772,0,0,0
3.372,0.772,0,0,0
1.58,0.554,0,0,0
4.032,0.43,0,0,0
0.43976,0.367,0,0,0
0.39054,0.367,0,0,0
0.89056,0.317,0,0,0
0.383425,1.695,0,0,0
0.537395,9.999,56.812,300,0.001
1.795152,10.839,50.327,299.982,0.001
2.015328,8.134,50.021,299.987,0.007
2.430272,16.682,2976.233,299.787,0.046
0.095,2.12,0,0,0
0.18816,2.259,2830.124,47.418,0.048
0.200052,2.063,2964.762,22.331,0.012
0.77,2.32,0,0,0
0.9036,1.6,1870.555,9.258,0.225
0.949865,1.74,1913.361,7.789,0.245
0.835,1.74,0,0,0
0.725685,2.362,1783.004,7.959,0.101
0.76659,3.028,1795.19,7.578,0.101
0.010051,3.54,50.594,253.193,0.001
0.01206,2.777,0,0,0
0.03584,2.858,0,0,0
0.065143,10.469,50.944,146.688,0.001
0.62436,8.288,0,0,0
0.42849,1.455,52.694,299.962,0.23
0.059143,1.363,50.036,28.154,0.007
3.291921,1.43,2108.044,27.801,0.437
3.274934,2.005,50.003,25.902,0.026
0.208737,8.7,50.238,27.1,0.009
0.079998,5.935,90.26,295.459,0.398
0.226884,9.5,210.318,15.992,0.222
0.133588,15.767,51.074,13.09,0.364
0.256056,6.218,0,0,0
0.1122,13.904,0,0,0
0.198803,20.908,0,0,0
0.460539,11.142,0,0,0
0.064428,17.678,2994.254,299.934,0.273
0.057166,15.459,2994.324,299.932,0.283
0.05575,15.87,107.163,297.562,0.25
0.7302,15.173,244.924,3.647,0.6
0.14118,18.789,112.106,1.652,0.543
0.133343,17.186,99.825,1.434,0.301
0.175392,24.81,47.943,23.138,0.783
0.085358,12.777,1851.71,1.794,0.134
0.142688,18.122,69.448,1.671,0.637
0.635232,1.318,50.018,295.234,0.004
0.381884,1.368,50.017,155.213,0.002
1.764234,6.067,0,0,0
0.13,5,0,0,0
1.44624,3.526,2021.755,6.092,0.552
1.279367,1.769,1962.872,7.311,0.239
0.42406,2.624,1984.42,34.918,0.14
0.39072,2.363,0,0,0
0.59349,2.122,2094.947,41.724,0.219
0.5747,2.149,0,0,0
0.164472,15.302,225.247,299.763,0.178
0.21204,18.651,506.801,5.086,0.36
0.03204,10.512,1212.744,3.644,0.04
0.075012,12.496,434.508,30.851,0.188
0.18984,17.991,2045.07,22.401,0.42
0.12441,17.571,294.336,44.55,0.435
0.041715,12.592,2326.717,119.013,0.103
0.081426,16.5,2143.218,3.47,0.082
0.062696,9.31,143.004,157.488,0.922
0.115884,10.501,106.094,46.393,0.999
0.152106,6.116,50.027,3.591,0.251
0.1218,7.418,179.353,299.922,0.29
0.20461,19.664,131.893,24.923,0.37
0.33924,16.681,789.84,7.859,0.264
1.04304,6.99,153.172,249.923,0.615
0.148925,3.885,1685.646,3.013,0.259
0.55692,7.054,252.895,100.178,0.52
4.001994,4.545,0,0,0
4.858137,6.416,0,0,0
3.337659,7.919,0,0,0
4.127868,7.352,0,0,0
12.814173,5.197,0,0,0
7.359633,8.662,0,0,0
44.211744,22.987,0,0,0
1.170828,6.751,0,0,0
3.427569,9.677,0,0,0
7.343649,3.969,0,0,0
21.345633,0.548,0,0,0
2.01798,4.439,0,0,0
29.00001,3.517,51.057,208.449,0.61
10.283707,1.565,50.298,299.913,0.001
23.27052,1.48,50.669,192.87,0.84
18.189792,2.727,0,0,0
49.603347,2.922,0,0,0
31.336632,5.802,0,0,0
1.834164,79.972,0,0,0
3.378618,69.601,0,0,0
4.551424,12.797,279.83,1.049,0.773
1.695005,20.152,388.402,29.615,0.293
14.20089,7.096,2488.22,32.006,0.33
6.32367,4.236,0,0,0
5.027355,8.048,2331.301,64.041,0.705
5.558022,9,2657,89.023,0.426
7.851807,11.429,2645.696,111.199,0.703
14.719266,1.986,0,0,0
11.585403,7.441,0,0,0
0.506493,3.356,0,0,0
1.283636,9.149,1602.675,164.51,0.172
1.0108,4.729,2883.401,15.551,0.152
1.09252,6.461,2347.312,3.345,0.382
1.24845,12.074,1614.681,162.283,0.525
1.10526,11.071,1721.323,195.651,0.327
1.16127,12.003,1049.855,145.268,0.459
4.226769,0.686,0,0,0
1.714448,8.672,1522.043,186.518,0.166
9.987003,1.283,0,0,0
6.372621,4.389,0,0,0
28.763208,1.216,0,0,0
21.039939,4.193,0,0,0
34.29049,1.33,68.374,201.959,0.37
15.373611,3.247,0,0,0
6.234759,1.505,0,0,0
21.209769,1.246,0,0,0
21.209769,1.246,0,0,0
1.086912,14.41,0,0,0
0.34965,19.202,0,0,0
3.855141,1.366,0,0,0
6.935058,5.697,0,0,0
0.776223,2.229,0,0,0
1.367631,5.138,0,0,0
8.408606,21.833,187.228,299.837,0.061
6.3818,14.168,573.904,299.808,0.05
2.240757,30.513,0,0,0
2.334663,13.349,0,0,0
7.521471,8.356,0,0,0
5.674064,1.716,126.081,293.997,0.206
7.726285,1.186,149.541,298.778,0.155
7.45807,1.857,133.725,297.917,0.19
4.471476,1.904,129.804,294.713,0.204
4.41558,7.013,0,0,0
2.014983,2.876,0,0,0
3.632364,4.492,0,0,0
3.950046,2.152,0,0,0
2.968029,5.321,0,0,0
41.102073,10.094,2891.731,299.799,0.019
28.02365,8.401,176.345,299.776,0.085
3.762234,11.744,0,0,0
2.392605,12.557,0,0,0
5.851143,10.93,0,0,0
7.055937,13.809,0,0,0
13.921065,18.514,0,0,0
12.606381,10.797,0,0,0
13.750236,12.811,0,0,0
20.147832,15.388,0,0,0
116.061822,20.751,0,0,0
23.160816,18.654,0,0,0
23.005971,5.908,0,0,0
22.36761,6.437,0,0,0
32.424543,8.311,0,0,0
153.615231,11.572,0,0,0
25.711263,5.793,0,0,0
4.387746,2.517,160.993,299.399,0.114
4.690402,2.548,144.164,299.43,0.134
6.17501,4.985,191.439,299.712,0.082
5.6342,2.538,147.454,299.495,0.13
9.63959,4.215,169.811,299.864,0.089
5.5416,4.15,169.696,298.782,0.08
26.91365,3.509,50.033,299.697,0.137
15.598453,8.425,50.011,299.989,0.013
8.534096,1.816,166.3,299.193,0.101
8.972292,5.379,273.581,299.734,0.049
0.820179,11.51,0,0,0
14.44388,1.998,161.394,130.233,0.11
5.841867,1.239,97.718,265.611,0.257
0.330669,9.991,0,0,0
6.260025,4.158,185.716,299.218,0.095
3.326927,14.746,49.566,14.017,0.079
3.399597,8.465,0,0,0
3.490506,8.842,0,0,0
7.910082,8.491,0,0,0
11.503485,12.681,0,0,0
9.278712,6.321,0,0,0
6,9.931,0,0,0
9.457899,3.544,387.556,108.071,0.033
4.41031,3.643,246.672,77.947,0.017
3.635568,3.214,123.982,240.068,0.144
7.394062,3.282,258.382,81.8,0.026
3.868128,3.908,0,0,0
10.525464,1.085,0,0,0
18.793188,0.483,0,0,0
18.940041,0.705,0,0,0
43.91604,2.119,0,0,0
36.412551,1.329,0,0,0
18.344637,1.334,0,0,0
57.910104,3.841,53.822,33.186,0.126
60.305634,3.38,0,0,0
25.802172,12.595,0,0,0
10.795194,14.05,0,0,0
18.372609,2.767,0,0,0
54.709236,2.952,0,0,0
25.59438,0.324,0,0,0
20.827152,1.386,0,0,0
21.725253,0.465,0,0,0
22.739238,0.441,0,0,0
23.792184,0.478,0,0,0
22.945032,0.419,0,0,0
24.488487,0.405,0,0,0
1.851147,52.838,0,0,0
2.014983,45.383,0,0,0
12.866121,1.298,0,0,0
14.796189,1.425,0,0,0
8.724267,2.17,0,0,0
10.547442,2.239,0,0,0
9.878112,2.115,0,0,0
11.354634,1.794,0,0,0
6.110883,9.364,0,0,0
3.3966,14.86,0,0,0
9.55044,8.081,0,0,0
11.29232,3.442,108.779,1.002,0.305
1.885113,26.915,0,0,0
2.828169,32.299,0,0,0
20.787192,0.645,0,0,0
9.443547,5.797,0,0,0
15.883101,0.714,0,0,0
15.818166,0.895,0,0,0
22.412565,0.579,0,0,0
19.241739,0.75,0,0,0
4.579416,8.434,0,0,0
10.751238,2.806,0,0,0
5.869125,3.218,0,0,0
3.772224,3.141,0,0,0
9.982008,1.336,0,0,0
7.065927,1.853,0,0,0
6.426567,1.878,0,0,0
5.891103,1.56,0,0,0
6.866127,1.096,0,0,0
6.242751,0.931,0,0,0
3.263733,14.153,0,0,0
6.668325,10.798,0,0,0
5.270724,3.398,0,0,0
5.091903,3.179,0,0,0
25.981992,2.621,0,0,0
3.198798,6.575,0,0,0
1.130868,1.777,0,0,0
2.851146,5.546,0,0,0
1.023975,3.047,0,0,0
8.63136,8.098,0,0,0
1.277721,0.641,0,0,0
6.152841,0.757,0,0,0
6.534459,4.646,0,0,0
2.589408,24.027,0,0,0
1.200798,14.016,0,0,0
6.154839,0.242,0,0,0
5.103891,4.398,0,0,0
4.142853,9.312,0,0,0
8.679312,6.121,0,0,0
6.282711,2.663,0,0,0
4.439556,4.004,0,0,0
4.19031,9.035,997.108,299.886,0.018
4.227822,7.613,491.804,298.964,0.018
0.612387,42.739,0,0,0
1.159839,23.614,0,0,0
5.978634,1.601,50.716,299.84,0.002
13.674144,9.525,50.039,2.207,0.253
0.071625,25.939,696.45,63.386,0.015
0.63276,8.033,503.37,83.418,0.03
0.201798,154.452,0,0,0
17.273709,2.259,0,0,0
6.63114,1.336,742.092,24.949,0.222
3.380616,1.973,0,0,0
4.56435,2.675,375.114,77.926,0.245
2.575422,13.04,0,0,0
7.211781,12.977,0,0,0
10.63935,12.912,0,0,0
14.260725,12.841,0,0,0
15.887097,12.798,0,0,0
17.338644,12.747,0,0,0
17.949033,13.091,0,0,0
20.333646,12.615,0,0,0
41.82717,5.822,50.001,1.395,0.11
24.481494,13.747,0,0,0
0.281718,12.595,0,0,0
0.601398,13.96,0,0,0
0.998001,12.509,0,0,0
0.892107,16.549,0,0,0
1.066932,17.881,0,0,0
1.185813,19.283,0,0,0
1.252746,14.343,0,0,0
1.202796,22.156,0,0,0
1.354644,23.709,0,0,0
1.343655,25.237,0,0,0
1.282716,18.224,0,0,0
22.636341,0.535,0,0,0
51.671277,0.761,0,0,0
179.399421,0.914,0,0,0
6.846282,10.834,153.124,299.686,0.002
0.164835,12.706,0,0,0
0.873126,9.826,0,0,0
1.500498,17.041,0,0,0
4.11604,7.478,1979.83,3.227,0.136
3.338658,8.418,0,0,0
2.851146,22.352,0,0,0
3.427569,25.646,0,0,0
1.776546,10.346,96.083,299.218,0.002
0.88861,8.218,110.305,298.789,0.001
1.347562,4.174,997.785,298.362,0.002
1.755108,1.934,135.894,297.712,0.002
0.148851,4.632,0,0,0
1.04442,5.07,0,0,0
0.632128,7.629,2878.233,296.49,0.064
0.801692,2.26,2963.715,299.419,0.236
1.212674,12.502,2990.914,299.121,0.223
0.817076,13.074,2984.709,299.101,0.247
1.212674,12.502,2990.914,299.121,0.223
14.01332,1.967,2926.338,298.425,0.223
0.088496,2.615,1010.215,55.832,0.002
0.297702,1.061,0,0,0
0.561438,5.631,50.009,179.095,0.999
0.018972,376.099,484.959,1.469,0.527
0.988011,37.686,0,0,0
6.589824,1.534,2903.789,18.779,0.032
7.06316,1.509,195.87,48.408,0.013
12.670317,3.016,0,0,0
15.708276,2.819,0,0,0
14.563422,3.865,0,0,0
13.094892,3.156,0,0,0
13.743243,13.683,0,0,0
0.450549,195.611,0,0,0
1.347651,191.918,0,0,0
1.713285,155.476,0,0,0
1.600398,277.383,0,0,0
1.865133,70.555,0,0,0
0.88911,312.819,0,0,0
3.183813,51.542,0,0,0
2.676321,114.199,0,0,0
1.581417,7.495,0,0,0
4.433562,7.699,0,0,0
4.770225,2.654,0,0,0
1.512486,6.363,0,0,0
3.748248,2.657,0,0,0
6.542451,4.365,0,0,0
32.016951,6.094,0,0,0
2.933064,13.247,0,0,0
8.236755,13.026,0,0,0
10.584405,14.731,0,0,0
32.963004,3.963,0,0,0
7.386606,4,0,0,0
25.193781,2.833,0,0,0
17.307675,3.202,0,0,0
84.006909,2.833,0,0,0
0.722277,6.067,0,0,0
0.786213,5.092,0,0,0
8.976813,11.199,2929.394,59.622,0.003
5.179437,9.316,2925.901,144.845,0.027
17.968434,9.292,146.166,125.079,0.006
2.271557,13.511,2961.739,54.591,0.047
5.268726,10.451,0,0,0
2.653344,9.669,0,0,0
0.941058,6.589,0,0,0
0.905094,12.526,0,0,0
1.801197,3.013,0,0,0
2.859138,4.81,0,0,0
1.588529,3.709,98.228,38.843,0.521
1.549449,2.925,0,0,0
2.142855,3.98,0,0,0
2.112885,5.038,0,0,0
3.490695,3.248,1517.776,142.937,0.765
3.400596,3.489,0,0,0
3.289707,4.212,0,0,0
5.130864,2.928,0,0,0
4.949046,3.083,0,0,0
0.876123,3.224,0,0,0
0.981018,11.104,0,0,0
0.802197,1.642,0,0,0
11.587401,3.053,0,0,0
2.032226,1.57,2859.788,5.424,0.233
15.031953,2.516,0,0,0
25.045929,5.466,0,0,0
9.666958,0.562,215.464,5.718,0.839
0.626373,1.068,0,0,0
35.028936,3.275,0,0,0
0.452547,1.682,0,0,0
0.448239,2.09,1640.373,5.323,0.289
0.311798,3.358,207.838,299.659,0.214
0.731268,6.652,0,0,0
0.26,0,0,0,0
0.279,0,0,0,0
7.650342,23.704,0,0,0
4.172823,120.117,0,0,0
1.594404,172.904,0,0,0
2.209788,93.248,0,0,0
2.880117,1.581,0,0,0
1.971027,2.22,0,0,0
0.383972,9.164,1000.649,299.989,0.059
0.333783,9.005,1195.117,158.294,0.009
0.5063,8.575,811.951,216.958,0.083
2.950047,154.406,0,0,0
0.234025,8.897,50.007,299.979,0.115
0.299245,8.952,50.571,299.998,0.001
0.733408,7.525,2999.681,299.995,0.052
8.951712,4.6,822.336,6.763,0.352
3.10791,1.062,221.828,254.875,0.39
2.903094,10.52,0,0,0
3.287709,5.573,0,0,0
3.375567,5.7,387.467,15.444,0.351
2.573424,7.9,0,0,0
4.322673,7.276,0,0,0
6.532461,6.73,0,0,0
7.589403,7.515,0,0,0
8.069922,6.115,0,0,0
7.414,5.9,0,0,0
6.088905,6.379,0,0,0
11.149839,8.764,0,0,0
8.185585,7.577,140.499,185.537,0.901
3.467035,1.7,223.448,10.285,0.845
2.363526,6.159,520.775,5.03,0.621
0.60939,11.571,0,0,0
1.742256,11.571,0,0,0
2.359638,11.976,0,0,0
3.424572,9.747,0,0,0
3.057939,11.234,0,0,0
8.425436,2.6,2999.754,299.995,0.076
10.107792,2.6,731.698,39.921,0.136
19.112724,5.5,109.352,169.286,0.943
19.614672,5.5,107.504,200.305,0.957
0.759584,6.7,664.903,111.709,0.112
0.65268,9.853,1724.373,3.843,0.196
2.483256,11.6,50.006,247.185,0.967
2.470752,15.631,1797.222,5.773,0.092
0.768056,7.5,728.95,138.82,0.062
0.77814,15.721,2998.86,80.631,0.022
3.7658,8.9,125.679,14.604,0.95
3.758922,10.958,1759.727,4.185,0.174
8.519432,7.013,336.157,43.069,0.284
8.455686,9.2,399.405,6.763,0.474
4.751215,6.6,180.368,6.135,0.755
4.739618,7.242,382.2,6.802,0.866
4.788554,9.606,320.91,25.4,0.943
0.652347,6.075,131.854,25.583,0.999
4.88835,4.967,2984.355,47.15,0.03
2.656561,8.577,2989.439,65.517,0.019
2.953683,11.799,50.353,61.445,0.019
3.337026,10.081,66.964,299.991,0.154
3.337026,10.081,66.964,299.991,0.154
3.254867,9.973,50,299.991,0.287
3.254867,9.973,50,299.991,0.287
0.43956,79.881,0,0,0
1.451547,7.639,0,0,0
1.667331,5.273,0,0,0
3.734262,5.9,0,0,0
1.525473,7.312,0,0,0
1.517481,10.79,0,0,0
4.208787,129.295,0,0,0
0.588411,3.085,0,0,0
1.735263,2.3,0,0,0
2.046951,2.86,0,0,0
2.72727,5.282,0,0,0
0.353646,6.317,0,0,0
16.171812,8.555,0,0,0
0.147852,58.882,0,0,0
6.252741,235.611,0,0,0
0.265734,4.717,0,0,0
2.973024,10.341,0,0,0
0.206793,85.419,0,0,0
0.937062,150,0,0,0
2.686908,2.531,688.902,139.255,0.203
2.686908,2.531,688.902,139.255,0.203
2.686908,2.531,688.902,139.255,0.203
2.686908,2.531,688.902,139.255,0.203
3.277719,9.312,0,0,0
0.540648,11.155,2999.176,299.996,0.027
0.953314,4.329,2999.781,54.716,0.109
1.16883,4.007,0,0,0
1.131867,4.125,0,0,0
0.382704,9.058,2215.453,1,0.168
1.132866,4.397,0,0,0
0.428869,5.971,2065.214,19.584,0.311
0.3626,6.487,102.015,299.594,0.2
0.278938,6.437,970.159,294.764,0.031
0.280092,5.796,101.321,299.447,0.204
0.207808,5.798,2999.104,299.989,0.034
0.250212,7.496,1111.377,50.193,0.029
0.250212,7.496,1111.377,50.193,0.029
0.094801,7.4,50.318,299.997,0.001
6.259734,17.937,0,0,0
10.642347,10.662,0,0,0
16.250733,10.288,0,0,0
0.395,10.6,0,0,0
0.688311,10.675,0,0,0
0.366,10.4,0,0,0
0.400599,12.384,0,0,0
0.557442,8.5,0,0,0
6.18381,2.38,0,0,0
3.319677,2.38,0,0,0
0.58941,1.831,0,0,0
2.251746,2.38,0,0,0
1.277721,2.38,0,0,0
0.118881,2.38,0,0,0
2.55895,0,0,0,0
2.55895,0,0,0,0
2.55895,0,0,0,0
2.55895,0,0,0,0
2.55895,0,0,0,0
2.29924,0,0,0,0
2.29924,0,0,0,0
2.29924,0,0,0,0
2.29924,0,0,0,0
2.29924,0,0,0,0
4.556439,3.06,0,0,0
2.5974,3.06,0,0,0
2.79394,0,0,0,0
2.79394,0,0,0,0
2.79394,0,0,0,0
2.79394,0,0,0,0
2.79394,0,0,0,0
3.14848,0,0,0,0
3.14848,0,0,0,0
3.14848,0,0,0,0
3.14848,0,0,0,0
3.14848,0,0,0,0
78.1,0,0,0,0
107.5,0,0,0,0
36.5,0,0,0,0
94.9,0,0,0,0
73.2,0,0,0,0
48.4,0,0,0,0
19.3,0,0,0,0
18.6,0,0,0,0
23.5,0,0,0,0
1.049949,7.068,0,0,0
1.205793,8.002,0,0,0
1.786212,1.4,0,0,0
1.664334,1.5,0,0,0
1.156842,1.43,0,0,0
0.822177,4.68,0,0,0
0.834165,2.52,0,0,0
1.9594,3.459,0,0,0
2.64735,5.531,0,0,0
0.86574,5.869,0,0,0
0.91908,4.884,0,0,0
1.49836,6.791,0,0,0
0.5992,5.06,0,0,0
0.336,3.235,0,0,0
0.2024,9.75,0,0,0
0.3,10.365,0,0,0
0.707292,13.805,0,0,0
0.702297,7.775,0,0,0
0.06728,6.284,0,0,0
0.28942,6.841,0,0,0
0.42514,82.272,0,0,0
6.355638,6.292,0,0,0
12.73,0,0,0,0
22.769,0,0,0,0
25.37,0,0,0,0
27.854,0,0,0,0
1.928172,10.288,948.041,85.355,0.006
1.926288,12.556,988.287,85.947,0.006
0.72504,11.177,1236.094,127.717,0.045
0.728235,12.22,1249.155,127.715,0.045
1.37237,9.6,2998.183,299.991,0.019
1.014855,10.239,2998.458,299.988,0.029
1.110888,5.419,0,0,0
0.469888,27.304,50.283,300,0.001
0.299003,29.999,50.237,299.99,0.001
1.847322,30.63,2961.515,101.584,0.051
4.024533,9.612,162.659,2.733,0.501
4.02966,9.601,115.698,269.321,0.732
1.48261,6.135,81.891,109.931,0.865
1.479548,6.146,104.266,276.467,0.742
0.521,2.8,0,0,0
1.58841,3.594,0,0,0
0.992031,4.088,50.053,299.996,0.003
0.690513,3.021,2040.599,3.028,0.337
0.454455,4.165,50.095,77.833,0.009
0.250219,9.442,2946.447,35.24,0.059
0.979164,8.967,1915.25,2.52,0.354
1.55034,1.835,938.356,299.989,0.099
1.184155,2.46,50,95.365,0.115
0.514206,4.521,266.457,299.99,0.159
0.491006,4.281,86.245,299.86,0.383
0.887,3.4,0,0,0
0.780317,1.209,305.154,17.147,0.197
0.2922,2.772,50.042,63.141,0.01
0.887,3.4,0,0,0
1.186274,1.497,1952.065,21.376,0.226
0.389474,3.971,2147.117,2.513,0.386
0.275356,2.508,2980.905,280.421,0.041
0.66327,11.631,51.688,47.837,0.03
1.275183,12.893,150.46,299.971,0.351
1.62837,4.083,0,0,0
1.665333,4.083,0,0,0
1.63,0,0,0,0
1.681317,6.097,0,0,0
1.62837,7.459,0,0,0
1.764234,7.459,0,0,0
1.62837,5.153,0,0,0
1.44855,5.153,0,0,0
1.62837,2.078,0,0,0
0.081918,2.078,0,0,0
1.62837,6.077,0,0,0
1.64835,6.701,0,0,0
0.901098,6.701,0,0,0
1.65,0,0,0,0
1.64835,6.208,0,0,0
0.851148,6.208,0,0,0
1.64835,4.479,0,0,0
0.644355,4.479,0,0,0
1.64835,5,0,0,0
0.644355,5,0,0,0
1.64835,17.066,0,0,0
4.781214,17.066,0,0,0
1.64835,23.559,0,0,0
3.28671,23.559,0,0,0
1.477521,2.106,0,0,0
3.484512,14.8,50.982,165.546,0.108
3.399597,8.465,0,0,0
3.265731,8.9,0,0,0
7.911081,8.491,0,0,0
11.481507,12.574,0,0,0
9.279711,6.321,0,0,0
6,9.931,0,0,0
2.081916,4.801,0,0,0
2.455542,5.444,0,0,0
3.31668,4.801,0,0,0
6.87312,7.287,0,0,0
1.605393,7.07,0,0,0
1.057941,7.574,0,0,0
2.133864,4.503,0,0,0
1.894104,2.895,0,0,0
1.223775,7.207,0,0,0
1.27872,3.583,0,0,0
2.045952,13.32,0,0,0
0.867132,5.727,0,0,0
0.840159,3.04,0,0,0
1.526472,10.361,0,0,0
1.332666,19.767,0,0,0
1.231767,2.051,0,0,0
1.916,0,0,0,0
2.617,0,0,0,0
0.482,0,0,0,0
1.538,0,0,0,0
4.758237,4.251,0,0,0
2.023974,4.251,0,0,0
1.994,0,0,0,0
1.341657,2.004,0,0,0
2.107,0,0,0,0
2.818,0,0,0,0
10.708,0,0,0,0
2.03,0,0,0,0
4.680315,55.108,0,0,0
5.659,0,0,0,0
1.392606,1.813,0,0,0
1.076922,1.942,0,0,0
1.481517,88.642,0,0,0
3.887109,8.261,0,0,0
13.124,8.261,0,0,0
1.705293,3.177,0,0,0
1.169829,3.177,0,0,0
2.534463,11.244,0,0,0
2.673324,11.179,0,0,0
0.922,0,0,0,0
1.999,0,0,0,0
2.328669,2.501,0,0,0
0.55944,21.659,0,0,0
0.696303,5.489,0,0,0
0.585414,8.02,0,0,0
2.433564,8.028,0,0,0
0.883116,11.455,0,0,0
1.677,0,0,0,0
1.188,0,0,0,0
0.573,0,0,0,0
0.391608,6.628,0,0,0
0.252,0,0,0,0
0.118746,17.485,329.838,299.986,0.054
0.391608,8.667,0,0,0
0.647352,10.614,0,0,0
0.27972,6.901,0,0,0
5.630364,7.696,0,0,0
1.611387,14.469,0,0,0
0.909356,4.979,361.771,8.241,0.329
0.909356,4.979,361.771,8.241,0.329
0.909356,4.979,361.771,8.241,0.329
0.607392,4.881,0,0,0
0.597402,5.076,0,0,0
0.68085,2.532,395.886,2.691,0.51
0.93624,3.671,50.07,4.765,0.048
0.93624,3.671,50.07,4.765,0.048
0.93624,3.671,50.07,4.765,0.048
3.750246,3.812,0,0,0
3.6963,3.53,0,0,0
2.36775,4.561,149.558,299.943,0.275
1.132617,9.657,319.093,5.51,0.223
1.132617,9.657,319.093,5.51,0.223
1.132617,9.657,319.093,5.51,0.223
0.963036,9.657,0,0,0
1.209417,7.487,1739.929,24.015,0.201
2.606098,11.721,50.008,1.338,0.121
2.606098,11.721,50.008,1.338,0.121
2.606098,11.721,50.008,1.338,0.121
1.419579,11.721,0,0,0
2.597632,8.447,1883.931,16.28,0.128
1.358088,7.324,447.136,10.287,0.284
1.358088,7.324,447.136,10.287,0.284
1.358088,7.324,447.136,10.287,0.284
0.483516,7.324,0,0,0
2.241846,5.153,306.327,2.852,0.463
1.103778,6.539,194.272,1.974,0.117
1.103778,6.539,194.272,1.974,0.117
1.103778,6.539,194.272,1.974,0.117
1.413585,10.643,0,0,0
0.748252,6.129,110.004,71.049,0.283
0.312687,13.871,0,0,0
0.912,0,0,0,0
2.593404,1.461,0,0,0
0.634033,3.548,2035.142,18.87,0.269
0.965146,9.95,166.042,299.96,0.091
1.277721,2.381,0,0,0
7.350642,62.436,0,0,0
1.793205,10.308,0,0,0
0.453546,6.25,0,0,0
0.420579,12.409,0,0,0
0.650349,6.71,0,0,0
0.541458,7.259,0,0,0
0.423576,9.941,0,0,0
0.355644,19.207,0,0,0
0.310689,13.566,0,0,0
0.27972,21.21,0,0,0
0.833166,1.491,0,0,0
1.392606,49.96,0,0,0
4.817178,98.221,0,0,0
0.557442,8.845,0,0,0
1.513485,20.279,0,0,0
0.596742,19.11,2044.167,92.403,0.002
0.50905,37.571,2963.792,184.393,0.025
0.443988,4.625,2993.445,299.972,0.012
0.579276,8.367,140.896,299.981,0.036
0.985932,4.678,50.006,299.414,0.068
0.4347,7.739,405.839,299.897,0.035
3.226356,2.86,1871.321,7.235,0.093
1.746984,3.246,398.535,1.451,0.249
2.262925,2.832,1674.14,1.544,0.193
1.573083,2.845,124.042,299.902,0.277
7.99074,2.239,240.333,32.418,0.18
6.465408,2.304,467.686,10.717,0.226
0.566904,4.53,125.376,299.825,0.052
2.952,4.511,554.636,24.897,0.12
2.97356,7.092,97.92,99.27,0.158
1.475652,3.121,2988.568,299.974,0.012
4.296664,2.138,518.74,1.853,0.127
1.94871,7.117,117.632,56.885,0.17
3.658127,5.034,184.718,58.746,0.209
0.6096,4.995,2997.086,33.991,0.015
2.408504,1.713,175.74,299.972,0.056
0.450549,6.554,0,0,0
0.244755,7.309,0,0,0
2.119878,3.045,0,0,0
0.153846,8.363,0,0,0
0.365574,6.816,248.48,140.419,0.033
1.744254,3.347,0,0,0
0.105894,8.011,0,0,0
0.149705,9.664,718.888,259.703,0.005
1.146852,8.734,0,0,0
0.83916,11.114,0,0,0
0.241434,7.003,670.376,83.891,0.009
0.362761,15.85,355.438,78.859,0.029
0.100645,15.677,530.387,55.643,0.005
0.31936,17.47,597.372,55.378,0.032
0.654472,16.933,670.805,65.532,0.029
0.95635,15.654,879.301,60.404,0.031
60.198,0,0,0,0
5.489,0,0,0,0
11.863125,9.911,0,0,0
17.884098,11.951,0,0,0
29.746224,17.99,0,0,0
13.039947,287.275,0,0,0
36.830133,13.763,0,0,0
59.313,0,0,0,0
61.441497,17.623,0,0,0
29.697273,17.351,0,0,0
32.891,0,0,0,0
30.396573,17.6,0,0,0
27.188,0,0,0,0
29.442528,18.615,0,0,0
66.993,0,0,0,0
16.588395,18.938,0,0,0
17.332,0,0,0,0
14.667318,17.833,0,0,0
20.134,0,0,0,0
1.943,0,0,0,0
2.296,0,0,0,0
3.530466,10.378,0,0,0
4.768227,12.761,0,0,0
5.386608,116.106,0,0,0
7.239753,10.362,0,0,0
12.716,0,0,0,0
17.838144,10.039,0,0,0
8.31168,24.584,0,0,0
9.09,0,0,0,0
10.415574,18.277,0,0,0
9.895,0,0,0,0
9.224766,18.838,0,0,0
10.463,0,0,0,0
6.33366,2.957,0,0,0
4.351,0,0,0,0
4.073922,9.383,0,0,0
0.317682,8.6,0,0,0
2.891106,8.798,0,0,0
0.498501,38.949,0,0,0
1.91808,12.19,0,0,0
1.91808,97.55,0,0,0
0.812187,5.574,0,0,0
0.031968,19.213,0,0,0
0.743256,6.723,0,0,0
0.063936,21.763,0,0,0
1.150677,13.196,2171.344,299.508,0.177
3.417579,16.197,0,0,0
1.159872,9.02,2924.384,299.573,0.192
1.159872,9.02,2924.384,299.573,0.192
2.42375,1.673,53.341,1.022,0.35
0.537,8.622,0,0,0
0.772,9.469,0,0,0
0.397602,14.155,0,0,0
1.339821,2.241,1943.075,1.653,0.459
0.63,0,0,0,0
0.55,0,0,0,0
1.35,0,0,0,0
0.14,0,0,0,0
0.46,0,0,0,0
0.694305,1.826,0,0,0
1.874124,3.024,0,0,0
0.236,5.033,0,0,0
0.363,2.398,0,0,0
0.363,2.398,0,0,0
0.128,6.421,0,0,0
0.227,3.977,0,0,0
0.224,3.917,0,0,0
0.224,3.715,0,0,0
0.227,4.3,0,0,0
0.262,7.678,0,0,0
0.262,7.145,0,0,0
0.263,8.897,0,0,0
0.261,6.991,0,0,0
0.175,5.308,0,0,0
0.169,4.999,0,0,0
0.25,5.716,0,0,0
0.176,5.209,0,0,0
0.141,6.979,0,0,0
0.141,7.597,0,0,0
0.139,5.517,0,0,0
0.141,7.822,0,0,0
0.2005,4.834,0,0,0
0.183,8,0,0,0
0.141,7.783,0,0,0
9.613,2.836,0,0,0
4.955,2.258,0,0,0
6.476,14.773,0,0,0
3.622,13.569,0,0,0
3.945,0.576,0,0,0
4.107,0.474,0,0,0
1.872,1.263,0,0,0
2.054,1.066,0,0,0
0.662,4.657,0,0,0
1.167,0.969,0,0,0
4.896,1.161,0,0,0
2.746,4.265,0,0,0
16.823,2.476,0,0,0
0.338,9.754,0,0,0
8.738,1.382,0,0,0
5.101,0.707,0,0,0
3.181,0.742,0,0,0
4.394,0.168,0,0,0
0.496,2.095,0,0,0
3.627,1.716,0,0,0
33.259,0.438,0,0,0
7.01,0.781,0,0,0
10.096,0.801,0,0,0
1.245,2.638,0,0,0
2.664,0.55,0,0,0
0.198,5.449,0,0,0
0.103,12.704,0,0,0
0.09,11.105,0,0,0
0.109,14.304,0,0,0
0.108,13.28,0,0,0
0.105,12.526,0,0,0
0.111,14.035,0,0,0
0.273,3.077,0,0,0
0.273,3.077,0,0,0
0.425,2.212,0,0,0
0.368,2.07,0,0,0
0.429,2.292,0,0,0
0.314,1.83,0,0,0
0.891,1.65,0,0,0
0.695,2.308,0,0,0
0.876,1.62,0,0,0
0.716,2.404,0,0,0
0.494,1.38,0,0,0
0.469,4.62,0,0,0
0.464,2.58,0,0,0
0.168,6.421,0,0,0
0.148,6.421,0,0,0
0.232,0,0,0,0
0.955,3.238,0,0,0
0.232,5.6,0,0,0
0.166,7.485,0,0,0
0.362,1.94,0,0,0
0.197,3.913,0,0,0
0.277,6.8,0,0,0
0.165,1.191,0,0,0
7.44952,2.818,0,0,0
4.33732,3.6,0,0,0
4.8108,2.377,0,0,0
8.40332,1.835,0,0,0
5.282,3.41,0,0,0
10.45152,4.127,0,0,0
4.67324,2.407,0,0,0
2.20096,14.812,0,0,0
8.020584,1.31,50.035,1.801,0.429
10.927062,1.689,0,0,0
19.98504,1.498,0,0,0
2.94686,14.725,0,0,0
10.995875,8.575,2995.724,103.475,0.055
7.159698,1.464,50.13,1.001,0.126
5.215779,5.502,0,0,0
7.676255,2.207,50.749,123.284,0.349
8.29794,1.13,50.222,7.412,0.028
8.11472,0.645,0,0,0
11.984004,0.915,0,0,0
10.998482,1.739,1913.268,2.273,0.638
18.723663,0.512,1929.35,2.099,0.631
21.40857,0.235,0,0,0
13.594392,0.217,0,0,0
2.324673,0.856,0,0,0
2.177557,4.636,105.568,183.335,0.107
1.6,5.449,0,0,0
4.788912,1.173,606.577,146.067,0.304
5.63288,2.844,0,0,0
1.240272,2.282,88.742,38.634,0.261
0.05481,12.738,59.757,224.138,0.21
1.10889,4.081,0,0,0
1.31128,3.02,0,0,0
0.89429,4.054,0,0,0
1.164834,4.504,0,0,0
2.535048,1.997,63.962,80.992,0.072
1.074921,3.157,1965.065,5.964,0.059
0.243321,5.042,2098.692,124.45,0.039
0.441,9.982,0,0,0
0.32067,9.789,0,0,0
0.552,9.101,0,0,0
0.4736,16.139,0,0,0
2.186912,2.031,241.356,50.302,0.224
1.329722,2.868,99.783,29.772,0.046
0.2228,9.741,0,0,0
5.867127,1.306,0,0,0
9.270612,0.745,2477.269,295.652,0.081
4.68265,2.127,0,0,0
6.61725,2.2,0,0,0
5.7494,0.997,0,0,0
5.7052,1.118,0,0,0
4.5679,1.24,0,0,0
0.556443,16.22,0,0,0
0.85173,11.424,0,0,0
0.79515,19.998,1612.531,3.045,0.27
12.368772,0.429,1717.53,1.557,0.428
12.368772,0.429,1717.53,1.557,0.428
3.493245,1.791,122.872,274.981,0.399
10.759325,0.908,50.028,296.985,0.775
12.42346,1,671.035,146.653,0.686
7.837155,0.947,0,0,0
20.084691,1.402,50.147,91.885,0.627
19.639998,1.379,150.018,135.143,0.477
4.32504,1.376,100.669,11.17,0.012
4.32504,1.376,100.669,11.17,0.012
2.764245,1.009,2749.345,33.8,0.033
2.28476,2.769,2047.487,12.929,0.02
2.728809,2.676,1815.523,47.645,0.177
5.738256,2.231,0,0,0
2.6208,2.357,2699.799,25.44,0.07
2.037654,3.366,2066.012,53.989,0.034
2.943408,3.542,2789.224,26.497,0.026
7.851004,1.597,281.64,81.888,0.334
7.851004,1.597,281.64,81.888,0.334
0.951105,1.007,66.724,291.748,0.489
0.951105,1.007,66.724,291.748,0.489
6.112661,0.816,1603.541,1.565,0.433
6.112661,0.816,1603.541,1.565,0.433
2.519088,1.091,1737.082,1.847,0.264
2.74657,0.966,122.341,5.582,0.601
2.253164,4.619,2635.205,5.835,0.167
2.253164,4.619,2635.205,5.835,0.167
4.5513,2.653,56.806,105.369,0.45
7.757879,0.672,150.597,285.059,0.347
7.757879,0.672,150.597,285.059,0.347
6.93792,0.587,149.743,86.419,0.36
6.93792,0.587,149.743,86.419,0.36
5.895619,1.398,182.872,6.783,0.197
3.97557,3.145,50.113,160.992,0.542
1.839656,1.287,52.286,13.945,0.013
10.9484,0.74,1845.695,1.546,0.404
10.9484,0.74,1845.695,1.546,0.404
2.882117,0.855,1737.556,31.157,0.199
2.882117,0.855,1737.556,31.157,0.199
1.17952,1.964,66.666,185.901,0.38
1.17952,1.964,66.666,185.901,0.38
2.37152,1.002,50.597,10.194,0.008
4.22136,0.71,0,0,0
0.4488,0.812,0,0,0
0.97902,1.625,0,0,0
6.596,2.429,0,0,0
0.743504,11.34,2375.968,64.045,0.248
1.790646,6.126,2473.302,57.321,0.286
14.093044,1.41,2826.772,295.528,0.094
56.061484,0.798,50,1.016,0.199
12.81852,1.117,0,0,0
26.439991,0.496,59.028,29.389,0.001
0.783084,3.158,2769.188,23.855,0.012
1.49552,1.368,0,0,0
1.727328,0.804,79.147,261.209,0.228
1.32704,1.628,0,0,0
0.4628,5.593,0,0,0
0.376635,5.434,86.037,56.901,0.021
0.05115,30.19,55.163,135.202,0.11
0.226348,2.977,294.168,5.113,0.142
0.490509,9.026,0,0,0
1.777221,4.069,0,0,0
1.191883,14.3,1294.18,285.699,0.673
0.463536,15.423,0,0,0
0.703296,5.193,0,0,0
0.398601,4.526,0,0,0
2.786211,1.174,0,0,0
3.165096,3.325,769.259,5.067,0.228
3.95675,2.548,68.122,23.991,0.475
0.581418,4.68,0,0,0
3.400596,0.964,0,0,0
1.323207,1.254,1914.475,14.201,0.631
0.714988,5.507,50.131,41.015,0.002
10.105872,1.272,2255.176,5.608,0.532
14.896932,1.399,301.595,1.381,0.732
7.969376,0.737,1693.318,5.984,0.739
8.61462,0.592,111.844,157.595,0.09
10.52163,0.869,81.941,98.092,0.07
13.240192,0.609,2957.57,297.432,0.064
2.731896,2.134,1465.925,113.025,0.024
2.538592,0.932,1066.421,289.475,0.014
8.085869,1.058,126.038,259.108,0.407
8.085869,1.058,126.038,259.108,0.407
6.80016,0.944,110.645,293.549,0.48
6.80016,0.944,110.645,293.549,0.48
5.655048,0.753,158.861,150.669,0.492
5.655048,0.753,158.861,150.669,0.492
7.401078,0.877,124.823,266.312,0.414
7.401078,0.877,124.823,266.312,0.414
15.221226,0.448,2121.165,5.79,0.258
1.245887,1.2,50.12,1.269,0.437
1.245887,1.2,50.12,1.269,0.437
7.84265,1.395,2121.892,10.035,0.05
52.65316,0.832,0,0,0
5.95584,0.58,0,0,0
36.232119,0.866,50.047,1.024,0.539
2.650288,2.278,960.335,4.642,0.284
1.135985,0.707,2230.859,3.019,0.335
0.740199,0.816,0,0,0
0.49086,0.911,0,0,0
0.54316,0.939,0,0,0
0.62409,0.854,0,0,0
0.3483,2.739,0,0,0
1.45296,2.788,0,0,0
1.31328,3.258,0,0,0
1.40672,2.762,0,0,0
1.81688,3.639,0,0,0
1.35072,3.075,0,0,0
1.11096,3.484,0,0,0
1.44792,3.394,0,0,0
1.68192,2.966,0,0,0
2.73384,1.976,0,0,0
1.1808,2.748,0,0,0
0.44424,6.904,0,0,0
0.47016,35.029,0,0,0
0.51336,8.387,0,0,0
2.32632,1.505,0,0,0
0.84024,6.719,0,0,0
2.087566,4.079,1256.673,13.424,0.442
0.540639,5.209,747.714,23.203,0.473
0.794888,8.781,1848.46,22.564,0.134
0.753145,10.741,1959.897,30.885,0.113
0.8268,3.894,1956.098,25.86,0.195
3.083454,0.871,2027.308,18.769,0.198
3.021408,1.742,2149.695,20.697,0.351
7.505086,1.491,2171.09,19.134,0.346
5.0664,0.53,0,0,0
5.0664,0.53,0,0,0
4.4856,1.01,0,0,0
4.4856,1.01,0,0,0
4.073,0.772,0,0,0
4.215,0.772,0,0,0
1.9752,0.554,0,0,0
5.04,0.43,0,0,0
0.95634,0.367,0,0,0
0.8487,0.367,0,0,0
1.93614,0.317,0,0,0
2.129925,1.695,0,0,0
0.559786,9.999,56.812,300,0.001
1.86995,10.839,50.327,299.982,0.001
2.0993,8.134,50.021,299.987,0.007
2.531518,16.682,2976.233,299.787,0.046
0.368,2.12,0,0,0
0.818064,2.259,2830.124,47.418,0.048
0.869796,2.063,2964.762,22.331,0.012
0.968,2.32,0,0,0
1.34865,1.6,1870.555,9.258,0.225
2.20892,1.74,1913.361,7.789,0.245
1.216,1.74,0,0,0
1.319464,2.362,1783.004,7.959,0.101
1.3938,3.028,1795.19,7.578,0.101
0.50255,3.54,50.594,253.193,0.001
0.60324,2.777,0,0,0
1.79201,2.858,0,0,0
0.097229,10.469,50.944,146.688,0.001
0.93192,8.288,0,0,0
1.863,1.455,52.694,299.962,0.23
1.971536,1.363,50.036,28.154,0.007
7.838032,1.43,2108.044,27.801,0.437
7.797452,2.005,50.003,25.902,0.026
0.366201,8.7,50.238,27.1,0.009
0.140494,5.935,90.26,295.459,0.398
0.378066,9.5,210.318,15.992,0.222
0.222404,15.767,51.074,13.09,0.364
0.426948,6.218,0,0,0
0.423576,6.611,0,0,0
0.1866,13.904,0,0,0
0.331144,20.908,0,0,0
0.575424,11.142,0,0,0
0.107289,17.678,2994.254,299.934,0.273
0.095088,15.459,2994.324,299.932,0.283
0.093,15.87,107.163,297.562,0.25
1.2168,15.173,244.924,3.647,0.6
0.235119,18.789,112.106,1.652,0.543
0.222138,17.186,99.825,1.434,0.301
0.292842,24.81,47.943,23.138,0.783
0.142308,12.777,1851.71,1.794,0.134
0.237601,18.122,69.448,1.671,0.637
1.198552,1.318,50.018,295.234,0.004
0.720536,1.368,50.017,155.213,0.002
0.353,5,0,0,0
3.908712,3.526,2021.755,6.092,0.552
3.457852,1.769,1962.872,7.311,0.239
0.57302,2.624,1984.42,34.918,0.14
0.52836,2.363,0,0,0
0.847749,2.122,2094.947,41.724,0.219
0.8211,2.149,0,0,0
0.385,6.5,0,0,0
0.188023,4.574,51.014,5.94,0.001
0.527472,4.803,0,0,0
0.321678,8.444,0,0,0
0.487512,5.501,0,0,0
0.3996,4.701,0,0,0
206.848944,0.301,0,0,0
140.842017,0.279,0,0,0
51.297651,1.379,0,0,0
0.693306,13.133,0,0,0
2.492505,1.154,0,0,0
0.982989,11.155,2999.176,299.996,0.027
1.148533,4.329,2999.781,54.716,0.109
1.40859,4.007,0,0,0
1.363635,4.125,0,0,0
0.46116,9.058,2215.453,1,0.168
1.364634,4.397,0,0,0
2.01954,3.459,0,0,0
2.64735,5.531,0,0,0
0.9212,5.869,0,0,0
0.91908,4.884,0,0,0
1.59424,6.791,0,0,0
0.7488,5.06,0,0,0
0.42,3.235,0,0,0
0.2528,9.75,0,0,0
0.3752,10.365,0,0,0
0.6815,6.284,0,0,0
0.49938,6.841,0,0,0
0.49416,82.272,0,0,0
0.026,0,0,0,0
3.517479,260.249,0,0,0
2.425572,260.249,0,0,0
5.556438,215.008,0,0,0
9.204786,215.008,0,0,0
0.205125,12.231,2096.73,44.836,0.125
0.659525,13.266,1929.108,6.393,0.185
1.00646,4.183,0,0,0
0.6188,6.541,0,0,0
0.31213,8.898,0,0,0
0.47047,7.12,0,0,0
0.971028,5.537,0,0,0
0.348439,16.934,1910.756,51.933,0.091
30.152817,2.037,0,0,0
4.122873,26.463,0,0,0
21.155823,6.104,0,0,0
26.234739,13.188,0,0,0
18.159822,5.907,0,0,0
37.380582,9.315,0,0,0
18.048933,4.489,0,0,0
14.612373,3.64,0,0,0
7.120872,6.509,0,0,0
16.17381,7.964,0,0,0
11.270718,8.834,0,0,0
29.183787,2.393,0,0,0
3.047949,3.051,0,0,0
6.868125,4.26,0,0,0
1.43856,50.65,0,0,0
1.674324,42.148,0,0,0
29.077776,0.404,2178.67,5.032,0.098
25.80454,0.8,273.279,14.939,0.005
1.28871,35.734,0,0,0
0.31994,24.057,259.488,30.575,0.34
2.031966,1.407,0,0,0
3.805191,16.601,0,0,0
13.309677,14.737,0,0,0
6.326495,5.641,50.232,2.173,0.203
1.87812,33.485,0,0,0
2.768229,23.049,0,0,0
5.766228,9.742,0,0,0
3.220776,3.302,0,0,0
2.629368,10.121,0,0,0
2.69357,9.519,49.282,192.385,0.521
1.193805,30.709,0,0,0
2.846151,50.458,0,0,0
1.060938,32.577,0,0,0
1.394604,24.033,0,0,0
1.43856,8.738,0,0,0
20.094885,0.773,0,0,0
15.707277,1.215,0,0,0
6.542451,1.058,0,0,0
3.314682,4.188,0,0,0
3.341655,3.315,0,0,0
3.723273,2.628,0,0,0
1.810188,39.896,0,0,0
2.732265,21.618,0,0,0
23.543776,0.84,75.832,1.277,0.226
3.429567,21.603,0,0,0
1.74825,13.725,0,0,0
2.335292,2.077,1352.308,23.712,0.148
0.335664,11.856,630.074,6.444,0.084
8.867124,3.671,0,0,0
1.81544,23.869,0,0,0
3.362898,38.795,2345.633,10.049,0.609
2.38556,13.067,0,0,0
11.726262,2.062,0,0,0
20.937042,1.04,0,0,0
8.883108,2.039,0,0,0
4.939056,2.04,0,0,0
2.943054,3.333,0,0,0
19.076904,3.633,0,0,0
22.710267,5.774,0,0,0
4.434561,3.356,0,0,0
8.630361,2.838,0,0,0
7.699293,1.59,0,0,0
19.619361,1.906,0,0,0
9.113877,2.344,0,0,0
0.180819,16.36,0,0,0
1.118822,5.714,48.568,295.542,0.953
1.118822,5.714,48.568,295.542,0.953
1.118822,5.714,48.568,295.542,0.953
1.118822,5.714,48.568,295.542,0.953
1.118822,5.714,48.568,295.542,0.953
1.118822,5.714,48.568,295.542,0.953
1.118822,5.714,48.568,295.542,0.953
1.118822,5.714,48.568,295.542,0.953
1.118822,5.714,48.568,295.542,0.953
1.118822,5.714,48.568,295.542,0.953
1.118822,5.714,48.568,295.542,0.953
0.851604,18.575,50.14,295.669,0.636
0.382862,4.198,81.107,68.487,0.047
0.082012,49.985,117.167,28.783,0.028
0.382862,4.198,81.107,68.487,0.047
0.367766,5.369,2181.235,267.855,0.109
0.734328,5.559,150.631,66.407,0.036
0.020988,28.269,1188.655,200.648,0.009
0.029637,24.675,2575.538,295.167,0.267
0.01264,10.834,738.137,3.943,0.079
0.001512,47.494,99.426,9.393,0.002
0.000731,22.313,2836.662,155.095,0.043
0.079616,9.385,877.829,123.888,0.016
0.143664,16.937,1686.862,288.998,0.006
0.040384,43.906,865.262,297.801,0.002
0.214423,21.849,1348.723,210.411,0.011
0.135628,43.548,2337.917,299.382,0.164
0.3603,24.472,2796.067,48.576,0.15
0.602064,7.961,52.225,71.32,0.016
0.30288,21.587,1319.593,2.241,0.096
12.286,3.592,2513.361,10.985,0.25
22.784643,2.344,957.048,4.215,0.369
28.686276,1.522,99.968,5.437,0.323
50.1183,1.427,102.346,264.057,0.717
19.330675,1.952,1279.025,14.486,0.203
81.16378,2.805,0,0,0
81.16378,2.805,0,0,0
81.16378,2.805,0,0,0
8.304918,2.907,50,8,0.283
5.14843,7.992,0,0,0
4.171924,3.063,1816.695,7.826,0.092
7.638354,7.597,0,0,0
1.452948,66.607,1295.907,4.186,0.353
1.96868,35.243,0,0,0
3.16869,19.666,0,0,0
1.32641,25.185,0,0,0
5.98899,8.624,0,0,0
9.72569,6.555,0,0,0
11.572236,5.784,187.545,21.253,0.711
4.963567,3.747,271.725,176.047,0.521
4.949516,4.54,1023.839,54.872,0.509
6.213144,6.775,1736.521,121.812,0.651
8.8401,6.976,0,0,0
3.98871,12.314,0,0,0
4.92802,6.225,0,0,0
14.48939,1.112,0,0,0
12.32795,1.131,0,0,0
2.02477,12.201,0,0,0
23.58229,10.418,0,0,0
2.278064,22.187,2148.885,32.006,0.346
2.08584,85.146,2301.388,9.46,0.24
0.00108,12.595,2630.885,294.245,0.027
0.000596,8.392,1455.209,216.934,0.004
0.000264,56.136,1211.846,296.447,0.002
0.00108,12.595,2630.885,294.245,0.027
1.646052,3.234,82.991,33.925,0.687
0.459433,8.597,62.609,6.292,0.767
5.449942,10.065,99.122,10.29,0.514
0.877122,16.995,2012.12,142.43,0.999
0.82056,9.109,2235.453,11.964,0.104
1.129906,7.503,1867.931,29.621,0.074
0.89829,8.925,1233.08,47.069,0.081
0.705681,42.05,573.824,214.329,0.881
1.770228,87.18,0,0,0
2.233506,46.379,922.094,115.694,0.946
0.689377,89.275,1290.505,299.957,0.247
0.685755,78.923,503.419,42.578,0.735
0.294,37.4,0,0,0
4.581,10.17,0,0,0
4.992003,5.309,0,0,0
4.158602,3.286,281.152,27.354,0.139
0.029604,3.968,2969.367,150.585,0.003
0.11802,6.466,50.136,173.598,0.002
0.061,8.28,0,0,0
2.553752,3.23,107.788,5.224,0.317
0.141204,19.9,1865.492,12.532,0.082
0.19812,17.914,46.528,1.538,0.39
0.019838,27.2,1977.133,13.718,0.091
0.0307,14.396,0,0,0
0.38236,13.6,203.143,3.03,0.316
0.1575,15.699,1915.033,12.832,0.15
0.25296,38.037,0,0,0
0.13754,26.552,0,0,0
0.07199,33.181,114.75,298.847,0.23
5.23398,20.483,1921.352,7.924,0.166
1.498948,15.903,108.698,102.718,0.242
6.78776,17.326,2107.176,5.502,0.155
7.219305,23.84,1912.9,11.976,0.153
3.626436,20.21,181.119,1.394,0.331
3.745192,8.964,1989.166,1.241,0.212
0.39204,24.138,1645.663,8.954,0.792
0.359844,32.677,2229.136,55.369,0.382
0.8417,22.143,1698.775,8.203,0.886
0.54029,25.8,2021.715,42.29,0.194
0.21464,6.692,50.127,27.456,0.001
0.02475,6.749,758.773,230.841,0.001
0.38485,7.856,0,0,0
1.413373,3.246,77.505,8.633,0.377
1.746003,5.077,0,0,0
2.719728,3.837,144.945,1.607,0.187
0.468286,5.359,50.001,1.404,0.091
1.204995,5.5,50.007,10.9,0.067
1.204995,5.5,50.007,10.9,0.067
4.051239,1.509,2036.983,41.041,0.687
3.153925,1.403,0,0,0
2.698,1.435,519.377,2.732,0.4
3.115554,1.089,2044.446,39.541,0.677
1.81302,2.185,2042.746,82.88,0.804
1.35992,0.472,2992.435,4.219,0.02
7.539262,3.034,2024.202,41.308,0.713
2.42791,2.562,0,0,0
2.364544,3.541,566.858,13.229,0.377
4.16508,2.664,2031.082,44.928,0.732
1.588905,3.904,2048.633,59.803,0.765
3.893386,3.15,2040.023,38.44,0.658
2.024838,2.19,2042.505,65.363,0.783
2.7783,1.923,0,0,0
2.212236,2.276,0,0,0
6.794704,6.147,973.739,299.982,0.532
7.394182,0.701,0,0,0
7.55964,1.316,0,0,0
6.639336,3.449,0,0,0
7.51494,9.898,0,0,0
0.937728,0.607,508.231,2.966,0.407
0.808962,5.934,410.187,14.729,0.154
6.299395,7.796,2037.934,51.434,0.271
1.806624,7.519,2132.733,45.647,0.328
2.138752,2.784,647.091,7.075,0.704
6.84,2.784,0,0,0
2.4947,3.156,698.095,9.181,0.404
2.17698,2.902,2092.161,1.632,0.06
3.158124,1.027,0,0,0
2.907435,1.372,704.067,3.219,0.239
1.496345,3.073,664,3.983,0.361
1.456542,3.626,0,0,0
1.86463,4.155,659.808,4.697,0.398
3.0217,4.6,0,0,0
1.87399,6.086,0,0,0
1.45055,4.885,0,0,0
0.80919,9.7,0,0,0
2.671326,11.608,0,0,0
2.06658,9.007,0,0,0
1.973262,12.85,223.42,25.231,0.138
1.857955,12.85,68.635,42.883,0.185
1.1151,12.1,50,299.854,0.236
0.910432,15.639,2807.458,19.989,0.002
1.5645,13.547,0,0,0
0.60716,20.586,0,0,0
0.293172,18.63,316.494,299.789,0.044
0.74688,18.63,464.991,16.412,0.04
0.592748,14.3,312.705,299.975,0.052
4.481757,13.2,2999.875,6.723,0.063
5.967,13.2,0,0,0
4.3814,9.1,0,0,0
3.43805,23.966,0,0,0
2.19165,8.487,0,0,0
3.37974,10.733,125.529,2.346,0.26
7.511334,11.3,2999.929,1.809,0.083
8.28,11.3,0,0,0
7.2177,11.3,0,0,0
13.75038,11.3,0,0,0
11.15436,11.3,0,0,0
6.189381,11.3,154.915,8.261,0.303
1.738463,10.607,50,299.911,0.397
1.33962,10.631,0,0,0
1.86501,8.17,0,0,0
1.566971,21.808,2989.73,49.622,0.049
7.3e-05,4.8,53.748,299.762,0.001
0.167693,6.44,1956.171,2.294,0.529
0.247995,5.501,1936.629,8.646,0.167
13.917204,13.156,362.326,4.365,0.126
13.966028,12.003,295.595,11.446,0.401
9.975469,12.074,858.305,4.972,0.127
9.976497,12.048,387.057,6.198,0.251
3.23047,12.443,96.301,128.866,0.37
3.1929,12.31,50.499,33.321,0.02
1.82688,7.101,0,0,0
1.73184,6.959,0,0,0
3.71328,5.78,0,0,0
2.44896,2.049,0,0,0
1.449,6.59,0,0,0
7.532,3.61,0,0,0
4.224545,5.94,2030.063,7.739,0.515
4.076787,5.739,2029.348,8.526,0.559
4.307088,6.68,194,1.38,0.183
5.416744,6.234,121.067,164.54,0.136
8.201025,5.762,72.015,12.444,0.615
3.814247,2.67,213.755,1.408,0.211
16.234145,4.032,103.46,64.351,0.565
9.72027,3.07,0,0,0
3.910086,3.028,0,0,0
0.839096,4.49,1839.559,4.327,0.053
0.828219,4.99,2993.114,9.27,0.007
2.518533,6.81,1850.168,6.206,0.177
2.981902,6.81,50.024,239.543,0.374
1.4703,2.484,0,0,0
1.62063,3.84,50,11.763,0.005
2.167776,7.75,1963.153,7.452,0.288
12.61494,6.433,187.815,6.326,0.13
1.3605,3.682,0,0,0
1.197474,7.3,1975.928,6.448,0.218
0.76518,13.063,50,1.354,0.234
1.099582,6.7,2014.526,6.845,0.302
0.76518,13.063,50,1.354,0.234
3.124,4.6,0,0,0
1.428351,4.037,0,0,0
1.853592,3.336,1475.748,1,0.078
0.019,9,0,0,0
0.032454,6.865,1890.643,10.161,0.054
0.06363,9,399.017,23.028,0.009
0.10711,9,115.427,22.393,0.01
0.076283,23.613,2052.901,40.82,0.001
0.124794,5.805,125.553,19.656,0.009
0.09,9.895,0,0,0
0.134,11.18,0,0,0
0.261984,10.813,1886.094,14.517,0.096
0.11176,8.996,2127.521,43.387,0.22
0.003008,10.2,94.695,34.431,0.047
0.052836,21.534,263.5,87.868,0.037
0.000496,5.1,50.134,45.773,0.004
0.097062,15.021,1879.319,21.752,0.042
0.087,7.1,0,0,0
0.085068,10.42,2007.453,17.609,0.204
0.121,9.2,0,0,0
0.121,9.2,0,0,0
0.14555,7.095,0,0,0
0.14555,7.095,0,0,0
0.14555,7.095,0,0,0
0.042583,30.3,50.122,30.607,0.001
0.023555,52.696,50.059,197.671,0.035
0.295405,22.025,307.272,40.959,0.205
0.137058,22.623,53.49,21.856,0.106
0.053095,95.942,2992.101,2.432,0.035
0.155098,17.296,50.341,3.171,0.001
0.038622,35.917,50.207,19.026,0.001
1.053,9,0,0,0
0.106893,72.868,0,0,0
0.061,170.88,0,0,0
0.153846,170.88,0,0,0
0.199,50,0,0,0
0.256743,35.267,0,0,0
1.988028,34.906,877.867,13.035,0.644
2.061936,33.654,0,0,0
1.275116,50.983,469.187,288.905,0.764
1.586819,33.884,2744.642,13.038,0.481
0.821758,71.933,835.176,13.119,0.553
1.365633,33.493,0,0,0
0.672518,34.103,2998.697,78.223,0.397
0.55242,36.649,857.602,13.024,0.682
0.21978,26.889,0,0,0
0.497162,48.151,648.846,13.327,0.751
1.147505,57.363,394.23,287.623,0.893
2.05058,60.004,2914.882,14.06,0.302
2.040372,59.87,185.863,109.322,0.684
2.404376,65.042,3074.179,14.914,0.379
1.624374,37.288,0,0,0
5.029287,64.993,212.844,64.096,0.753
0.35776,13.6,0,0,0
0.08924,14.491,0,0,0
0.101,18.5,0,0,0
0.52992,7.4,0,0,0
0.256,8.9,0,0,0
0.418778,26.2,1909.502,8.462,0.109
0.526473,10.8,0,0,0
0.530964,31.2,2833.673,2.671,0.387
0.321,16.5,0,0,0
0.299904,20.7,216.221,299.961,0.528
0.299904,20.7,216.221,299.961,0.528
0.907207,13.23,289.032,1.963,0.287
0.907207,13.23,289.032,1.963,0.287
0.271558,17.956,1689.034,25.677,0.034
0.24849,19.964,130.676,299.482,0.502
0.275,0,0,0,0
0.491,0,0,0,0
1.281,5.194,0,0,0
1.10121,5.194,0,0,0
1.277,8.582,0,0,0
1.72317,8.582,0,0,0
1.344,6.888,0,0,0
0.385,8.401,0,0,0
0.406593,8.401,0,0,0
0.489,5.225,0,0,0
0.28971,5.225,0,0,0
0.637,6.813,0,0,0
0.843,7.176,0,0,0
1.031967,7.176,0,0,0
0.829,6.293,0,0,0
0.898101,6.293,0,0,0
0.387205,20.73,1901.719,31.407,0.091
1.066932,33.024,0,0,0
0.8606,32.397,237.577,13.198,0.2
1.078526,24.414,1814.822,27.16,0.043
0.679,17.2,0,0,0
0.433566,83.493,0,0,0
0.657342,22.977,0,0,0
0.822415,23.02,49.012,6.25,0.095
1.233078,25.401,2132.805,7.955,0.077
0.64558,22.08,1782.476,20.827,0.013
1.500498,19.232,0,0,0
2.203982,16.1,70.658,102.673,0.374
0.335664,25.256,0,0,0
1.397601,17.974,0,0,0
1.977021,7.92,0,0,0
10.171818,21.059,0,0,0
0.48132,24.693,134.501,242.486,0.252
4.559925,11.2,2119.117,43.327,0.373
9.25074,10.709,0,0,0
4.525224,20.007,127.669,1.149,0.264
8.989822,12.054,2999.151,41.712,0.254
10.012012,14.463,2099.653,43.927,0.412
1.583,14.306,0,0,0
1.372272,15.015,1461.051,54.801,0.066
1.203966,13.596,2161.656,44.937,0.317
10.662551,13.7,1907.141,36.078,0.139
10.6992,8.965,0,0,0
10.65504,9.352,0,0,0
0.276926,23.4,2998.672,80.815,0.026
0.123876,11.856,0,0,0
0.434044,23.2,1834.076,27.221,0.052
0.522477,8.069,0,0,0
0.82593,26,0,0,0
0.31382,31.615,0,0,0
0.762,28.3,0,0,0
0.655051,24.152,0,0,0
0.82536,20.9,2005.338,20.777,0.228
1.30831,15.495,0,0,0
2.24721,30.205,0,0,0
0.770523,11.921,1080.354,2.932,0.299
0.17673,37.274,2988.128,7.205,0.086
0.285021,20.9,50.004,299.954,0.099
0.4797,13.183,0,0,0
0.42804,18.042,0,0,0
0.929952,11.969,50.057,11.004,0.009
0.2091,12.006,0,0,0
0.06601,13.042,0,0,0
0.324974,9.973,110.817,299.905,0.058
0.28782,21.759,0,0,0
0.702,20.971,0,0,0
0.332958,22.895,235.068,46.818,0.263
0.425475,13.426,286.15,59.272,0.305
0.350922,21.908,337.867,107.266,0.143
3.349647,7.019,0,0,0
8.449809,3.113,429.575,1,0.151
8.449809,3.113,429.575,1,0.151
8.449809,3.113,429.575,1,0.151
8.449809,3.113,429.575,1,0.151
8.449809,3.113,429.575,1,0.151
8.449809,3.113,429.575,1,0.151
8.449809,3.113,429.575,1,0.151
1.743,3.17,0,0,0
7.34265,3.104,0,0,0
1.074,3.65,0,0,0
0.898101,3.821,0,0,0
0.418911,4.612,50.024,73.811,0.047
0.418911,4.612,50.024,73.811,0.047
0.418911,4.612,50.024,73.811,0.047
0.25221,6.318,347.546,23.943,0.035
0.513,4.47,0,0,0
0.223825,7.4,50.097,27.498,0.175
0.223825,7.4,50.097,27.498,0.175
0.223825,7.4,50.097,27.498,0.175
2.701,7.316,0,0,0
2.997972,6.327,490.655,3.52,0.342
1.795577,10.469,252.683,3.207,0.199
0.998228,7.403,91.434,4.299,0.077
0.998228,7.403,91.434,4.299,0.077
0.998228,7.403,91.434,4.299,0.077
0.998228,7.403,91.434,4.299,0.077
4.128,6.315,0,0,0
2.846535,8.513,232.957,1,0.545
2.710045,9.906,124.186,2.437,0.241
3.052504,8.698,72.111,1,0.104
3.052504,8.698,72.111,1,0.104
3.052504,8.698,72.111,1,0.104
3.052504,8.698,72.111,1,0.104
0.902,6.48,0,0,0
4.271252,7.407,1941.144,3.623,0.163
0.101808,7,276.325,102.09,0.009
0.86329,9.567,171.747,55.475,0.131
1.219072,13.171,503.623,5.259,0.032
1.219072,13.171,503.623,5.259,0.032
1.219072,13.171,503.623,5.259,0.032
1.219072,13.171,503.623,5.259,0.032
0.105336,8.381,129.569,45.254,0.018
1.345555,14.171,129.757,23.65,0.155
1.345555,14.171,129.757,23.65,0.155
1.345555,14.171,129.757,23.65,0.155
1.345555,14.171,129.757,23.65,0.155
18.10188,50.844,0,0,0
17.06292,40.399,0,0,0
23.447529,8.828,0,0,0
27.794178,8.743,0,0,0
36.616347,11.063,0,0,0
104.326569,9.137,0,0,0
7.43256,20.249,0,0,0
25.519618,10.202,2346.532,298.368,0.034
45.543483,6.685,2405.672,1.165,0.159
2.362635,6.803,0,0,0
8.558433,2.917,0,0,0
8.780211,2.812,0,0,0
0.505494,10.208,0,0,0
2.196801,10.222,0,0,0
2.435562,7.573,0,0,0
37.4,0,0,0,0
37.3626,0,0,0,0
37.4,0,0,0,0
98.766135,3.969,0,0,0
25.761213,20.855,0,0,0
12.1,0,0,0,0
23.854856,2.192,344.974,298.312,0.008
119.288592,2.469,0,0,0
50.961987,3.028,0,0,0
8.239752,16.164,0,0,0
63.6957,30.089,1207.492,288.437,0.003
178.254702,11.258,1459.678,292.987,0.006
3.38661,11.172,373.999,185.242,0.999
21.801177,7.52,0,0,0
18.95103,8.449,0,0,0
18.408573,10.84,0,0,0
8.660331,13.395,0,0,0
2.061936,62.942,0,0,0
1.85724,3.045,50.038,281.523,0.924
1.85724,3.045,50.038,281.523,0.924
1.85724,3.045,50.038,281.523,0.924
1.85724,3.045,50.038,281.523,0.924
11.596392,3.245,0,0,0
11.596392,3.245,0,0,0
11.596392,3.245,0,0,0
3.047949,41.685,0,0,0
7.518474,6.208,0,0,0
7.75224,16.291,0,0,0
4.423572,85.786,0,0,0
2.663334,0.891,0,0,0
101.250648,2.897,0,0,0
3.513483,3.517,0,0,0
13.865121,21.416,0,0,0
5.383,0,0,0,0
1.685,0,0,0,0
9.622368,15.632,0,0,0
12.5746,0,0,0,0
9.439551,18.731,0,0,0
8.185806,17.02,0,0,0
14.779206,25.136,0,0,0
16.081902,31.486,0,0,0
3.745251,10.684,0,0,0
2.0424,39.379,2090.051,58.938,0.276
1.877304,39.379,2079.767,57.847,0.264
6.662403,96.7,896.336,38.616,0.099
3.846352,127.315,993.642,4.584,0.079
14.945772,119.994,305.293,5.98,0.314
0.965328,42.018,139.552,87.063,0.338
1.78821,91.951,0,0,0
2.790207,64.918,0,0,0
4.304691,96.629,0,0,0
5.119875,111.254,0,0,0
7.09815,92.8,748.946,4.529,0.474
13.93516,96.936,215.153,296.75,0.904
1.718784,20.887,731.466,6.997,0.768
3.745169,32.614,2029.133,16.5,0.137
89.6,0,0,0,0
62.4,0,0,0,0
36.3,0,0,0,0
56.2,0,0,0,0
53.5,0,0,0,0
43.6,0,0,0,0
19.2,0,0,0,0
28.7,0,0,0,0
63.8,0,0,0,0
9.349,0,0,0,0
12.225141,6.307,1987.194,7.135,0.303
3.203772,29.728,533.599,50.606,0.286
3.203772,29.728,533.599,50.606,0.286
3.203772,29.728,533.599,50.606,0.286
3.203772,29.728,533.599,50.606,0.286
3.203772,29.728,533.599,50.606,0.286
3.203772,29.728,533.599,50.606,0.286
3.203772,29.728,533.599,50.606,0.286
3.203772,29.728,533.599,50.606,0.286
3.203772,29.728,533.599,50.606,0.286
3.203772,29.728,533.599,50.606,0.286
3.203772,29.728,533.599,50.606,0.286
3.203772,29.728,533.599,50.606,0.286
3.203772,29.728,533.599,50.606,0.286
2.33,0,0,0,0
2.33,0,0,0,0
2.33,0,0,0,0
2.33,0,0,0,0
2.33,0,0,0,0
2.33,0,0,0,0
2.33,0,0,0,0
4.289832,29.786,240.409,87.231,0.036
0.601398,16.964,0,0,0
6.1617,10.086,1898.45,4.363,0.94
3.083487,9.548,57.237,6.777,0.583
4.569968,9.941,240.984,2.742,0.346
3.899586,8.897,70.095,259.33,0.694
0.577422,7.98,0,0,0
5.22477,7.418,0,0,0
3.061,0,0,0,0
5.616,0,0,0,0
0.651,0,0,0,0
10.329,0,0,0,0
5.302692,18.826,0,0,0
11.353635,80.977,0,0,0
1.764,0,0,0,0
6.045948,55.7,0,0,0
2.817342,28.69,1712.658,22.775,0.527
8.019,0,0,0,0
18.464,0,0,0,0
22.226598,28.543,534.027,5.127,0.354
24.951,0,0,0,0
33.930884,37.965,611.355,4.926,0.247
37.992,0,0,0,0
38.272975,48.969,412.237,5.592,0.325
12.440675,48.969,412.237,5.592,0.325
13.874,0,0,0,0
16.529,0,0,0,0
18.411,0,0,0,0
20.34,0,0,0,0
20.772,0,0,0,0
21.391,0,0,0,0
21.843622,19.358,790.861,5.429,0.214
18.548352,21.807,917.202,4.808,0.162
3.97664,29.35,303.012,3.806,0.43
2.745,0,0,0,0
7.921,0,0,0,0
12.077905,33.078,485.429,4.355,0.371
14.547,0,0,0,0
19.662005,37.45,370.712,4.677,0.389
22.273,0,0,0,0
24.463624,49.023,278.333,4.84,0.428
24.143,0,0,0,0
4.552,0,0,0,0
6.542,0,0,0,0
8.112,0,0,0,0
10.603,0,0,0,0
11.865,0,0,0,0
12.509,0,0,0,0
17.330035,25.555,409.033,4.601,0.355
17.33446,25.555,662.62,4.516,0.242
0.37962,6.84,0,0,0
0.37962,6.84,0,0,0
0.37962,6.84,0,0,0
3.2967,23.533,0,0,0
3.2967,39.905,0,0,0
2.831166,9.758,0,0,0
0.599496,23.7,50.024,12.901,0.002
1.396992,11.122,112.133,1.01,0.064
0.557634,161.305,50.032,32.364,0.014
0.356349,176.221,50.043,27.832,0.021
0.491508,5.921,0,0,0
0.745254,15.033,0,0,0
0.663872,30.8,2996.929,2.821,0.328
0.663872,30.8,2996.929,2.821,0.328
0.433566,18.7,0,0,0
0.609983,27,2046.018,22.227,0.253
0.722277,20.2,0,0,0
0.689762,26.9,2148.079,3.017,0.353
0.689762,26.9,2148.079,3.017,0.353
0.689762,26.9,2148.079,3.017,0.353
0.857739,10.898,252.707,1.667,0.401
0.857739,10.898,252.707,1.667,0.401
3.781684,17.645,1898.124,1.333,0.068
8.092899,11.722,0,0,0
7.512,11.722,0,0,0
2.7972,11.436,0,0,0
2.782,11.436,0,0,0
6.586407,7.634,0,0,0
6.57916425,9.94,0,0,0
6.554439,7.972,0,0,0
6.578415,5.109,0,0,0
11.579409,14.962,0,0,0
11.56842,32.962,0,0,0
11.58,40.43,0,0,0
11.579409,51.399,0,0,0
0.409728,22.082,91.726,299.762,0.176
12.882105,93.374,0,0,0
5.25,9.107,0,0,0
5.59,0,0,0,0
9.24,0,0,0,0
8.95,0,0,0,0
0.86,0,0,0,0
5.65434,5.505,0,0,0
1.03,0,0,0,0
4.55544,14.707,0,0,0
0.113336,12,389.612,3.455,0.248
0.847098,28.6,166.57,22.253,0.166
0.135292,7.465,50,278.811,0.908
1.769508,12.584,344.995,299.651,0.684
0.27636,14.908,2024.556,20.738,0.235
0.283716,24.365,0,0,0
1.197768,28.137,2999.809,299.998,0.039
4.82068,13.887,2999.849,299.997,0.038
15.520575,6.841,1110.72,4.676,0.185
2.130358,6.82,1230.528,5.221,0.197
21.462957,26.681,255.338,4.022,0.711
0.357895,26.681,2994.239,299.996,0.005
3.263312,26.681,1871.734,33.61,0.104
2.989242,26.681,158.56,291.534,0.213
3.655272,21.249,2978.71,299.653,0.186
1.3986,9.32,227.02,117.95,0.74
24.98,16.12,0,0,0
26.82496,23.654,1104.734,190.445,0.76
1.104708,5.296,740.913,20.713,0.011
0.993865,7.487,1027.761,21.49,0.005
0.733,13.905,0,0,0
2.273724,13.596,0,0,0
3.611385,12.31,0,0,0
3.20804,15.81,1898.817,179.901,0.46
2.24,0,0,0,0
1.55,0,0,0,0
0.62,0,0,0,0
0.09,0,0,0,0
0.29,0,0,0,0
0.16,9.587,0,0,0
0.13056,9.587,0,0,0
0.89991,8.966,50.005,25.928,0.003
0.859554,7.965,2998.976,6.404,0.106
1.547415,14.629,50,1.498,0.411
0.47874,3.917,1953.963,5.742,0.202
0.666,5.385,0,0,0
0.46,8.691,0,0,0
0.465,17.994,0,0,0
0.421,11.266,0,0,0
1.128,19.242,0,0,0
0.408,11.266,0,0,0
0.432,7.812,0,0,0
0.422,9.402,0,0,0
0.432,7.211,0,0,0
0.43,6.824,0,0,0
0.35,16.123,0,0,0
0.356,14.083,0,0,0
0.35,17.126,0,0,0
0.355,17.16,0,0,0
0.38,14.095,0,0,0
0.384,16.053,0,0,0
0.361,14.002,0,0,0
0.395,12.231,0,0,0
0.43,13.438,0,0,0
0.425,15.356,0,0,0
0.439,13.669,0,0,0
0.434,11.29,0,0,0
0.371,8.851,0,0,0
0.516,8.852,0,0,0
0.335,8.951,0,0,0
0.418,10.662,0,0,0
0.424,6.224,0,0,0
0.349,7.338,0,0,0
0.378,7.07,0,0,0
37.217,7.53,0,0,0
16.197,9.658,0,0,0
138.142,1.293,0,0,0
76.858,1.496,0,0,0
91.041,1.246,0,0,0
0.4877,5.7,0,0,0
1.5,0,0,0,0
1.65,4.554,0,0,0
2.03,7.472,0,0,0
1.71,7.981,0,0,0
1.833,10.335,0,0,0
1.357,6.346,0,0,0
1.37,21.211,0,0,0
0.929,9.12,0,0,0
1.092,4.433,0,0,0
0.434,8.158,0,0,0
0.619,9.829,0,0,0
0.393,17.396,0,0,0
1.596,18.146,0,0,0
0.446,16.646,0,0,0
0.419,5.4,0,0,0
0.877,3.835,0,0,0
0.827,4.373,0,0,0
0.654,3.968,0,0,0
0.203,20.77,0,0,0
0.729,3.455,0,0,0
0.428,13.867,0,0,0
0.301,31.692,0,0,0
0.531,12.781,0,0,0
0.422,16.178,0,0,0
0.699,13.636,0,0,0
0.375,40.14,0,0,0
0.38,10.244,0,0,0
0.382,14.08,0,0,0
0.32,15.768,0,0,0
0.281,11.631,0,0,0
0.749,13.517,0,0,0
0.463,13.984,0,0,0
0.408,15.154,0,0,0
0.879,7.791,0,0,0
0.465,10.676,0,0,0
1.762,8.649,0,0,0
1.388,9.671,0,0,0
2.308,20.117,0,0,0
1.9,14.528,0,0,0
0.427,50.9,0,0,0
0.543,57.839,0,0,0
0.27,7.4,0,0,0
0.251,9.1,0,0,0
0.233,6.4,0,0,0
0.368,8.506,0,0,0
0.162,13.787,0,0,0
0.809,13.99,0,0,0
0.634,16.069,0,0,0
0.418,10,0,0,0
0.511,10.6,0,0,0
0.357,39.174,0,0,0
1.632,24.951,0,0,0
1.433,7.358,0,0,0
0.39,8.5,0,0,0
0.39,10.5,0,0,0
0.461,22.806,0,0,0
1.111,11.344,0,0,0
0.525,4.031,0,0,0
0.263,14.6,0,0,0
0.408,11.393,0,0,0
0.39,15.087,0,0,0
0.512,5.39,0,0,0
0.629,2.13,0,0,0
0.478,2.22,0,0,0
0.576,2.35,0,0,0
5.611383,3.056,0,0,0
8.327664,9.21,0,0,0
12.634353,1.581,0,0,0
10.046943,0.524,0,0,0
27.869103,1.256,0,0,0
20.396464,4.231,50.062,297.765,0.068
5.506488,5.896,0,0,0
7.144848,6.035,0,0,0
4.660335,6.773,0,0,0
0.630369,11.05,0,0,0
0.351256,2.419,864.226,42.854,0.166
1.054746,7.345,2948.656,26.347,0.693
0.37975,12.231,2096.73,44.836,0.125
0.72483,13.266,1929.108,6.393,0.185
1.10565,4.183,0,0,0
0.67977,6.541,0,0,0
0.34307,8.898,0,0,0
0.51688,7.12,0,0,0
1.066932,5.537,0,0,0
0.382928,16.934,1910.756,51.933,0.091
7.27,1.32,0,0,0
77.834088,1.57,0,0,0
151.432416,1.069,0,0,0
20.071908,7.444,0,0,0
28.029942,12.535,0,0,0
55.767177,3.276,0,0,0
18.006975,4.419,0,0,0
49.431519,2.037,0,0,0
4.122873,26.463,0,0,0
21.155823,6.104,0,0,0
26.234739,13.188,0,0,0
18.159822,5.907,0,0,0
37.380582,9.315,0,0,0
11.012976,4.649,0,0,0
23.803173,1.758,0,0,0
10.876113,5.541,0,0,0
7.804188,4.26,0,0,0
2.1462,9.805,942.338,47.307,0.024
11.027517,1.097,171.126,21.781,0.037
9.555282,1,50.832,85.662,0.033
2.329929,1.435,948.316,9.221,0.009
5.735232,1.012,50.181,266.485,0.096
1.5,0,0,0,0
7.101552,0.951,2573.42,19.26,0.024
13.749237,0.706,50.098,9.346,0.111
6.77943,1.684,66.976,3.52,0.153
0.3553,24.057,259.488,30.575,0.34
2.25774,1.407,0,0,0
2.921076,10.121,0,0,0
2.992624,9.519,49.282,192.385,0.521
2.798225,38.404,2967.05,31.904,0.095
10.28014,7.926,64.035,111.917,0.988
0.820488,2.751,1397.216,244.143,0.136
2.06272,23.869,0,0,0
3.821475,38.795,2345.633,10.049,0.609
2.59256,13.067,0,0,0
1.15313,5.714,48.568,295.542,0.953
1.15313,5.714,48.568,295.542,0.953
1.15313,5.714,48.568,295.542,0.953
1.15313,5.714,48.568,295.542,0.953
1.15313,5.714,48.568,295.542,0.953
1.15313,5.714,48.568,295.542,0.953
1.15313,5.714,48.568,295.542,0.953
1.15313,5.714,48.568,295.542,0.953
1.15313,5.714,48.568,295.542,0.953
1.15313,5.714,48.568,295.542,0.953
1.15313,5.714,48.568,295.542,0.953
0.87768,18.575,50.14,295.669,0.636
0.539231,4.198,81.107,68.487,0.047
0.1155,49.985,117.167,28.783,0.028
0.539231,4.198,81.107,68.487,0.047
0.517968,5.369,2181.235,267.855,0.109
1.03428,5.559,150.631,66.407,0.036
0.26235,28.269,1188.655,200.648,0.009
0.368994,24.675,2575.538,295.167,0.267
0.157921,10.834,738.137,3.943,0.079
0.018908,47.494,99.426,9.393,0.002
0.009202,22.313,2836.662,155.095,0.043
0.159232,9.385,877.829,123.888,0.016
0.287328,16.937,1686.862,288.998,0.006
0.080768,43.906,865.262,297.801,0.002
0.428846,21.849,1348.723,210.411,0.011
0.271256,43.548,2337.917,299.382,0.164
0.36765,24.472,2796.067,48.576,0.15
0.614352,7.961,52.225,71.32,0.016
0.309024,21.587,1319.593,2.241,0.096
12.666,3.592,2513.361,10.985,0.25
23.489433,2.344,957.048,4.215,0.369
29.573557,1.522,99.968,5.437,0.323
51.668454,1.427,102.346,264.057,0.717
19.92851,1.952,1279.025,14.486,0.203
83.67414,2.805,0,0,0
83.67414,2.805,0,0,0
83.67414,2.805,0,0,0
9.437484,2.907,50,8,0.283
5.30801,7.992,0,0,0
5.280892,3.063,1816.695,7.826,0.092
7.874118,7.597,0,0,0
1.497779,66.607,1295.907,4.186,0.353
2.49245,35.243,0,0,0
4.01083,19.666,0,0,0
1.67875,25.185,0,0,0
7.58084,8.624,0,0,0
12.31136,6.555,0,0,0
14.648733,5.784,187.545,21.253,0.711
6.28326,3.747,271.725,176.047,0.521
6.265281,4.54,1023.839,54.872,0.509
7.864731,6.775,1736.521,121.812,0.651
11.19035,6.976,0,0,0
5.04889,12.314,0,0,0
6.23784,6.225,0,0,0
18.34143,1.112,0,0,0
15.60487,1.131,0,0,0
2.56276,12.201,0,0,0
29.85094,10.418,0,0,0
2.883564,22.187,2148.885,32.006,0.346
2.64024,85.146,2301.388,9.46,0.24
0.106731,12.595,2630.885,294.245,0.027
0.059716,8.392,1455.209,216.934,0.004
0.026372,56.136,1211.846,296.447,0.002
0.106731,12.595,2630.885,294.245,0.027
0.509,3.262,0,0,0
0.134562,3.968,2969.367,150.585,0.003
0.536458,6.466,50.136,173.598,0.002
0.269,8.28,0,0,0
2.969339,3.23,107.788,5.224,0.317
0.441242,19.9,1865.492,12.532,0.082
0.61932,17.914,46.528,1.538,0.39
0.220402,27.2,1977.133,13.718,0.091
0.3407,14.396,0,0,0
0.411116,13.6,203.143,3.03,0.316
0.16935,15.699,1915.033,12.832,0.15
0.27156,38.037,0,0,0
0.2106,12.831,50.024,4.461,0.585
0.293501,31.421,2010.103,20.393,0.211
0.29463,25.4,1994.306,16.115,0.23
0.299,26.552,0,0,0
0.1564,33.181,114.75,298.847,0.23
0.067059,13.707,50.572,19.109,0.009
0.220277,6.362,2011.715,3.676,0.181
0.411625,6.391,1935.974,8.157,0.125
6.461716,20.483,1921.352,7.924,0.166
1.850574,15.903,108.698,102.718,0.242
8.37992,17.326,2107.176,5.502,0.155
8.912709,23.84,1912.9,11.976,0.153
22.394926,3.924,1889.49,10.807,0.127
3.626436,20.21,181.119,1.394,0.331
3.745192,8.964,1989.166,1.241,0.212
31.962924,4.775,92.678,1.458,0.357
1.119096,24.138,1645.663,8.954,0.792
1.027962,32.677,2229.136,55.369,0.382
1.649732,22.143,1698.775,8.203,0.886
1.059434,25.8,2021.715,42.29,0.194
4.397958,14.043,50.055,6.826,0.146
0.499163,6.692,50.127,27.456,0.001
0.057557,6.749,758.773,230.841,0.001
0.89526,7.856,0,0,0
1.442025,3.246,77.505,8.633,0.377
1.781535,5.077,0,0,0
2.775267,3.837,144.945,1.607,0.187
0.900536,5.359,50.001,1.404,0.091
1.027986,16.449,50.121,6.717,0.003
1.027986,16.449,50.121,6.717,0.003
4.220241,1.509,2036.983,41.041,0.687
3.28515,1.403,0,0,0
2.8104,1.435,519.377,2.732,0.4
3.461501,1.089,2044.446,39.541,0.677
1.908696,2.185,2042.746,82.88,0.804
1.4315,0.472,2992.435,4.219,0.02
7.772413,3.034,2024.202,41.308,0.713
2.5026,2.562,0,0,0
2.437682,3.541,566.858,13.229,0.377
4.16508,2.664,2031.082,44.928,0.732
1.67229,3.904,2048.633,59.803,0.765
3.973004,3.15,2040.023,38.44,0.658
2.131326,2.19,2042.505,65.363,0.783
2.7783,1.923,0,0,0
2.212236,2.276,0,0,0
7.228284,6.147,973.739,299.982,0.532
7.866236,0.701,0,0,0
8.04187,1.316,0,0,0
7.062636,3.449,0,0,0
7.994978,9.898,0,0,0
3.024417,0.607,508.231,2.966,0.407
2.609684,5.934,410.187,14.729,0.154
2.429306,14,2999.908,299.758,0.506
2.429028,16.759,2999.871,195.879,0.378
0.389818,32,2999.883,299.507,0.517
0.38808,51.082,2999.874,299.533,0.792
0.235587,95.196,1447.872,40.434,0.363
0.435,106.087,0,0,0
0.198801,18.858,0,0,0
0.49,14.7,0,0,0
0.320679,24.065,0,0,0
0.650349,19.834,0,0,0
0.350649,31.324,0,0,0
0.638361,16.2,0,0,0
0.55,0,0,0,0
0.392607,36.885,0,0,0
0.20979,37.766,0,0,0
0.354645,36.673,0,0,0
0.48951,16.209,0,0,0
0.422577,16.209,0,0,0
2.821,4.1,0,0,0
2.960037,4.794,0,0,0
0.053824,13.738,289.489,299.386,0.029
0.207792,13.511,0,0,0
2.376704,2.784,647.091,7.075,0.704
7.6,2.784,0,0,0
2.771844,3.156,698.095,9.181,0.404
2.41884,2.902,2092.161,1.632,0.06
3.508876,1.027,0,0,0
3.230563,1.372,704.067,3.219,0.239
1.662766,3.073,664,3.983,0.361
1.456542,3.626,0,0,0
1.86463,4.155,659.808,4.697,0.398
4.50977,4.6,0,0,0
2.79658,6.086,0,0,0
2.16477,4.885,0,0,0
2.6973,9.7,0,0,0
2.671326,11.608,0,0,0
2.32201,9.007,0,0,0
2.217108,12.85,223.42,25.231,0.138
2.08754,12.85,68.635,42.883,0.185
1.593,12.1,50,299.854,0.236
1.300618,15.639,2807.458,19.989,0.002
2.2351,13.547,0,0,0
0.70606,20.586,0,0,0
0.340912,18.63,316.494,299.789,0.044
0.86848,18.63,464.991,16.412,0.04
0.65858,14.3,312.705,299.975,0.052
4.76784,13.2,2999.875,6.723,0.063
6.557,13.2,0,0,0
4.6607,9.1,0,0,0
3.6575,23.966,0,0,0
2.3313,8.487,0,0,0
3.59554,10.733,125.529,2.346,0.26
7.664635,11.3,2999.929,1.809,0.083
11.189,11.3,0,0,0
7.3647,11.3,0,0,0
14.03066,11.3,0,0,0
11.38172,11.3,0,0,0
6.315732,11.3,154.915,8.261,0.303
2.094572,10.607,50,299.911,0.397
1.61435,10.631,0,0,0
2.24681,8.17,0,0,0
1.887921,21.808,2989.73,49.622,0.049
0.003652,4.8,53.748,299.762,0.001
0.202078,6.44,1956.171,2.294,0.529
0.247995,5.501,1936.629,8.646,0.167
1.90272,7.101,0,0,0
1.80384,6.959,0,0,0
3.86784,5.78,0,0,0
2.60544,2.049,0,0,0
4.26729,5.94,2030.063,7.739,0.515
4.118153,5.739,2029.348,8.526,0.559
5.127477,6.68,194,1.38,0.183
6.448576,6.234,121.067,164.54,0.136
8.28405,5.762,72.015,12.444,0.615
3.814247,2.67,213.755,1.408,0.211
16.234145,4.032,103.46,64.351,0.565
9.72027,3.07,0,0,0
3.910086,3.028,0,0,0
1.133935,4.49,1839.559,4.327,0.053
1.840489,4.99,2993.114,9.27,0.007
3.358044,6.81,1850.168,6.206,0.177
3.975994,6.81,50.024,239.543,0.374
1.88526,2.484,0,0,0
3.001165,3.84,50,11.763,0.005
3.096864,7.75,1963.153,7.452,0.288
18.02138,6.433,187.815,6.326,0.13
2.721,3.682,0,0,0
3.264748,8.501,288.417,183.026,0.164
4.4,4.6,0,0,0
2.011515,4.037,0,0,0
2.61066,3.336,1475.748,1,0.078
0.056,9,0,0,0
0.095472,6.865,1890.643,10.161,0.054
0.159075,9,399.017,23.028,0.009
0.26777,9,115.427,22.393,0.01
0.190707,23.613,2052.901,40.82,0.001
0.311985,5.805,125.553,19.656,0.009
0.2252,9.895,0,0,0
0.263,11.18,0,0,0
0.513696,10.813,1886.094,14.517,0.096
0.23782,8.996,2127.521,43.387,0.22
0.212158,10.2,94.695,34.431,0.047
0.1258,21.534,263.5,87.868,0.037
0.344968,5.1,50.134,45.773,0.004
0.236754,15.021,1879.319,21.752,0.042
0.392,7.1,0,0,0
0.38658,10.42,2007.453,17.609,0.204
0.295,9.2,0,0,0
0.295,9.2,0,0,0
0.35506,7.095,0,0,0
0.35506,7.095,0,0,0
0.35506,7.095,0,0,0
0.085165,30.3,50.122,30.607,0.001
0.058905,52.696,50.059,197.671,0.035
0.49241,22.025,307.272,40.959,0.205
0.274116,22.623,53.49,21.856,0.106
0.10619,95.942,2992.101,2.432,0.035
0.310196,17.296,50.341,3.171,0.001
0.077244,35.917,50.207,19.026,0.001
0.68796,13.6,0,0,0
0.19366,14.491,0,0,0
0.22,18.5,0,0,0
1.15184,7.4,0,0,0
0.556,8.9,0,0,0
0.440796,26.2,1909.502,8.462,0.109
0.526473,10.8,0,0,0
0.558828,31.2,2833.673,2.671,0.387
0.338,16.5,0,0,0
0.315744,20.7,216.221,299.961,0.528
0.315744,20.7,216.221,299.961,0.528
0.954849,13.23,289.032,1.963,0.287
0.954849,13.23,289.032,1.963,0.287
1.016856,10,163.473,185.283,0.174
0.860391,17.003,173.751,167.11,0.147
1.21747,13.024,82.725,27.028,0.577
0.532474,17.956,1689.034,25.677,0.034
0.487442,19.964,130.676,299.482,0.502
0.509,0,0,0,0
0.779,0,0,0,0
1.804,5.194,0,0,0
1.55135,5.194,0,0,0
1.799,8.582,0,0,0
2.42678,8.582,0,0,0
1.893,6.888,0,0,0
0.642,8.401,0,0,0
0.677322,8.401,0,0,0
0.815,5.225,0,0,0
0.482517,5.225,0,0,0
1.062,6.813,0,0,0
1.343152,60.3,2999.949,6.963,0.661
2.191806,33.057,0,0,0
1.315683,66.55,0,0,0
1.673325,69.991,0,0,0
0.298546,57.821,1765.058,2.883,0.226
1.847,70.7,0,0,0
2.098899,38.1,0,0,0
1.663165,51.911,1095.259,16.962,0.287
0.369798,3.734,50.997,63.961,0.286
0.369798,3.734,50.997,63.961,0.286
0.387205,20.73,1901.719,31.407,0.091
1.066932,33.024,0,0,0
0.8606,32.397,237.577,13.198,0.2
1.078526,24.414,1814.822,27.16,0.043
0.070929,24.252,0,0,0
0.693,17.2,0,0,0
0.442557,83.493,0,0,0
1.140858,22.977,0,0,0
0.83923,23.02,49.012,6.25,0.095
1.258257,25.401,2132.805,7.955,0.077
0.658749,22.08,1782.476,20.827,0.013
1.531467,19.232,0,0,0
3.61284,16.1,70.658,102.673,0.374
0.72927,25.256,0,0,0
2.495502,17.974,0,0,0
3.530466,7.92,0,0,0
10.274715,21.059,0,0,0
1.002708,24.693,134.501,242.486,0.252
4.559925,11.2,2119.117,43.327,0.373
9.25074,10.709,0,0,0
4.525224,20.007,127.669,1.149,0.264
8.989822,12.054,2999.151,41.712,0.254
10.012012,14.463,2099.653,43.927,0.412
1.598,14.306,0,0,0
1.372272,15.015,1461.051,54.801,0.066
1.203966,13.596,2161.656,44.937,0.317
1.086912,12.822,0,0,0
0.438561,14.996,0,0,0
11.106795,13.7,1907.141,36.078,0.139
11.14464,8.965,0,0,0
11.09856,9.352,0,0,0
0.770229,22.776,0,0,0
1.16334,26,0,0,0
0.52327,31.615,0,0,0
1.003,28.3,0,0,0
0.987534,24.152,0,0,0
0.646353,7.352,0,0,0
2.013012,20.9,2005.338,20.777,0.228
3.19103,15.495,0,0,0
2.99628,30.205,0,0,0
1.879215,11.921,1080.354,2.932,0.299
0.431118,37.274,2988.128,7.205,0.086
0.695178,20.9,50.004,299.954,0.099
1.17014,13.183,0,0,0
1.04386,18.042,0,0,0
2.26818,11.969,50.057,11.004,0.009
0.51004,12.006,0,0,0
0.16113,13.042,0,0,0
0.79257,9.973,110.817,299.905,0.058
0.70192,21.759,0,0,0
1.712,20.971,0,0,0
0.198801,3.083,0,0,0
3.349647,7.019,0,0,0
0.434,11.4,0,0,0
0.34965,5.273,0,0,0
8.449809,3.113,429.575,1,0.151
8.449809,3.113,429.575,1,0.151
8.449809,3.113,429.575,1,0.151
8.449809,3.113,429.575,1,0.151
8.449809,3.113,429.575,1,0.151
8.449809,3.113,429.575,1,0.151
8.449809,3.113,429.575,1,0.151
1.761,3.17,0,0,0
7.34265,3.104,0,0,0
1.423,3.65,0,0,0
1.282716,3.821,0,0,0
0.598451,4.612,50.024,73.811,0.047
0.598451,4.612,50.024,73.811,0.047
0.598451,4.612,50.024,73.811,0.047
0.360325,6.318,347.546,23.943,0.035
0.933,4.47,0,0,0
0.406875,7.4,50.097,27.498,0.175
0.406875,7.4,50.097,27.498,0.175
0.406875,7.4,50.097,27.498,0.175
2.697,7.316,0,0,0
3.122802,6.327,490.655,3.52,0.342
1.795577,10.469,252.683,3.207,0.199
0.998228,7.403,91.434,4.299,0.077
0.998228,7.403,91.434,4.299,0.077
0.998228,7.403,91.434,4.299,0.077
0.998228,7.403,91.434,4.299,0.077
4.548,6.315,0,0,0
2.90485,8.513,232.957,1,0.545
2.710045,9.906,124.186,2.437,0.241
3.052504,8.698,72.111,1,0.104
3.052504,8.698,72.111,1,0.104
3.052504,8.698,72.111,1,0.104
3.052504,8.698,72.111,1,0.104
1.008,6.48,0,0,0
4.496029,7.407,1941.144,3.623,0.163
0.113121,7,276.325,102.09,0.009
0.959182,9.567,171.747,55.475,0.131
1.354528,13.171,503.623,5.259,0.032
1.354528,13.171,503.623,5.259,0.032
1.354528,13.171,503.623,5.259,0.032
1.354528,13.171,503.623,5.259,0.032
0.19152,8.381,129.569,45.254,0.018
2.44652,14.171,129.757,23.65,0.155
2.44652,14.171,129.757,23.65,0.155
2.44652,14.171,129.757,23.65,0.155
2.44652,14.171,129.757,23.65,0.155
149.693157,4.503,0,0,0
69.034896,10.575,0,0,0
52.013934,4.82,0,0,0
35.54442,5.555,0,0,0
3.224772,143.396,0,0,0
1.176822,115.487,0,0,0
4.2957,93.374,0,0,0
0.319176,12,389.612,3.455,0.248
0.41024,9.587,0,0,0
0.33472,9.587,0,0,0
